"Data Source","World Development Indicators",

"Last Updated Date","2018-05-02",

"Country Name","Country Code","Indicator Name","Indicator Code","1960","1961","1962","1963","1964","1965","1966","1967","1968","1969","1970","1971","1972","1973","1974","1975","1976","1977","1978","1979","1980","1981","1982","1983","1984","1985","1986","1987","1988","1989","1990","1991","1992","1993","1994","1995","1996","1997","1998","1999","2000","2001","2002","2003","2004","2005","2006","2007","2008","2009","2010","2011","2012","2013","2014","2015","2016","2017",
"Aruba","ABW","Forest area (sq. km)","AG.LND.FRST.K2","","","","","","","","","","","","","","","","","","","","","","","","","","","","","","","4.2","4.2","4.2","4.2","4.2","4.2","4.2","4.2","4.2","4.2","4.2","4.2","4.2","4.2","4.2","4.2","4.2","4.2","4.2","4.2","4.2","4.2","4.2","4.2","4.2","4.2","","",
"Afghanistan","AFG","Forest area (sq. km)","AG.LND.FRST.K2","","","","","","","","","","","","","","","","","","","","","","","","","","","","","","","13500","13500","13500","13500","13500","13500","13500","13500","13500","13500","13500","13500","13500","13500","13500","13500","13500","13500","13500","13500","13500","13500","13500","13500","13500","13500","","",
"Angola","AGO","Forest area (sq. km)","AG.LND.FRST.K2","","","","","","","","","","","","","","","","","","","","","","","","","","","","","","","609760","608512","607264","606016","604768","603520","602272","601024","599776","598528","597280","596032","594784","593536","592288","591040","589792","588544","587296","586048","584800","583552","582304","581056","579808","578560","","",
"Albania","ALB","Forest area (sq. km)","AG.LND.FRST.K2","","","","","","","","","","","","","","","","","","","","","","","","","","","","","","","7888","7868.5","7849","7829.5","7810","7790.5","7771","7751.5","7732","7712.5","7693","7719.2","7745.4","7771.6","7797.8","7824","7811.8","7799.6","7787.4","7775.2","7763","7753.4","7743.8","7734.2","7724.6","7715","","",
"Andorra","AND","Forest area (sq. km)","AG.LND.FRST.K2","","","","","","","","","","","","","","","","","","","","","","","","","","","","","","","160","160","160","160","160","160","160","160","160","160","160","160","160","160","160","160","160","160","160","160","160","160","160","160","160","160","","",
"Arab World","ARB","Forest area (sq. km)","AG.LND.FRST.K2","","","","","","","","","","","","","","","","","","","","","","","","","","","","","","","501941.6","499629","497316.4","495003.8","492691.2","490378.6","488066","485753.4","483440.8","481128.3","478815.6","477188.3","475560.8","473933.4","472305.9","470678.6","469645.3","468612.2","467578.9","466545.8","465512.6","391507","389071.4","386635.8","384200.2","381764.6","","",
"United Arab Emirates","ARE","Forest area (sq. km)","AG.LND.FRST.K2","","","","","","","","","","","","","","","","","","","","","","","","","","","","","","","2450","2515","2580","2645","2710","2775","2840","2905","2970","3035","3100","3104","3108","3112","3116","3120","3130.6","3141.2","3151.8","3162.4","3173","3183.6","3194.2","3204.8","3215.4","3226","","",
"Argentina","ARG","Forest area (sq. km)","AG.LND.FRST.K2","","","","","","","","","","","","","","","","","","","","","","","","","","","","","","","347930","344997","342064","339131","336198","333265","330332","327399","324466","321533","318600","315252","311904","308556","305208","301860","298680","295500","292320","289140","285960","282992","280024","277056","274088","271120","","",
"Armenia","ARM","Forest area (sq. km)","AG.LND.FRST.K2","","","","","","","","","","","","","","","","","","","","","","","","","","","","","","","3350","3346","3346","3344","3342","3340","3338","3336","3334","3332","3330","3328","3326","3324","3322","3320","3318","3316","3314","3312","3310","3312","3314","3316","3318","3320","","",
"American Samoa","ASM","Forest area (sq. km)","AG.LND.FRST.K2","","","","","","","","","","","","","","","","","","","","","","","","","","","","","","","183.9","183.5","183.2","182.9","182.5","182.2","181.9","181.5","181.2","180.8","180.5","180.2","179.8","179.5","179.1","178.8","178.5","178.1","177.8","177.5","177.1","176.8","176.4","176.1","175.8","175.4","","",
"Antigua and Barbuda","ATG","Forest area (sq. km)","AG.LND.FRST.K2","","","","","","","","","","","","","","","","","","","","","","","","","","","","","","","103","102.7","102.4","102.1","101.8","101.5","101.2","100.9","100.6","100.3","100","99.6","99.2","98.8","98.4","98","98","98","98","98","98","98","98","98","98","98","","",
"Australia","AUS","Forest area (sq. km)","AG.LND.FRST.K2","","","","","","","","","","","","","","","","","","","","","","","","","","","","","","","1285410","1285710","1286010","1286310","1286610","1286910","1287210","1287510","1287810","1288110","1288410","1286010","1283610","1281210","1278810","1276410","1267550","1258690","1249830","1240970","1232110","1235190","1238270","1241350","1244430","1247510","","",
"Austria","AUT","Forest area (sq. km)","AG.LND.FRST.K2","","","","","","","","","","","","","","","","","","","","","","","","","","","","","","","37760","37822","37884","37946","38008","38070","38132","38194","38256","38318","38380","38406","38432","38458","38484","38510","38528","38546","38564","38582","38600","38618","38636","38654","38672","38690","","",
"Azerbaijan","AZE","Forest area (sq. km)","AG.LND.FRST.K2","","","","","","","","","","","","","","","","","","","","","","","","","","","","","","","8520","8558","8558","8578","8598","8618","8638","8658","8678","8698","8718","8728.8","8739.6","8750.4","8761.2","8772","9034.2","9296.4","9558.6","9820.8","10083","10345.2","10607.4","10869.6","11131.8","11394","","",
"Burundi","BDI","Forest area (sq. km)","AG.LND.FRST.K2","","","","","","","","","","","","","","","","","","","","","","","","","","","","","","","2890","2799","2708","2617","2526","2435","2344","2253","2162","2071","1980","1946","1912","1878","1844","1810","1954","2098","2242","2386","2530","2576","2622","2668","2714","2760","","",
"Belgium","BEL","Forest area (sq. km)","AG.LND.FRST.K2","","","","","","","","","","","","","","","","","","","","","","","","","","","","","","","6670","6670","6670","6670","6670","6670","6670","6670","6670","6670","6673","6686.8","6700.6","6714.4","6728.2","6742","6756","6770","6784","6798","6812","6816.4","6820.8","6825.2","6829.6","6834","","",
"Benin","BEN","Forest area (sq. km)","AG.LND.FRST.K2","","","","","","","","","","","","","","","","","","","","","","","","","","","","","","","57610","56910","56210","55510","54810","54110","53410","52710","52010","51310","50610","50110","49610","49110","48610","48110","47610","47110","46610","46110","45610","45110","44610","44110","43610","43110","","",
"Burkina Faso","BFA","Forest area (sq. km)","AG.LND.FRST.K2","","","","","","","","","","","","","","","","","","","","","","","","","","","","","","","68470","67871","67272","66673","66074","65475","64876","64277","63678","63079","62480","61882","61284","60686","60088","59490","58890","58290","57690","57090","56490","55892","55294","54696","54098","53500","","",
"Bangladesh","BGD","Forest area (sq. km)","AG.LND.FRST.K2","","","","","","","","","","","","","","","","","","","","","","","","","","","","","","","14940","14914","14888","14862","14836","14810","14784","14758","14732","14706","14680","14654","14628","14602","14576","14550","14524","14498","14472","14446","14420","14394","14368","14342","14316","14290","","",
"Bulgaria","BGR","Forest area (sq. km)","AG.LND.FRST.K2","","","","","","","","","","","","","","","","","","","","","","","","","","","","","","","33270","33318","33366","33414","33462","33510","33558","33606","33654","33702","33750","34302","34854","35406","35958","36510","36682","36854","37026","37198","37370","37542","37714","37886","38058","38230","","",
"Bahrain","BHR","Forest area (sq. km)","AG.LND.FRST.K2","","","","","","","","","","","","","","","","","","","","","","","","","","","","","","","2.2","2.3","2.5","2.6","2.8","2.9","3.1","3.2","3.4","3.6","3.7","3.9","4","4.2","4.3","4.5","4.6","4.8","4.9","5.1","5.3","5.4","5.6","5.7","5.9","6","","",
"Bahamas, The","BHS","Forest area (sq. km)","AG.LND.FRST.K2","","","","","","","","","","","","","","","","","","","","","","","","","","","","","","","5150","5150","5150","5150","5150","5150","5150","5150","5150","5150","5150","5150","5150","5150","5150","5150","5150","5150","5150","5150","5150","5150","5150","5150","5150","5150","","",
"Bosnia and Herzegovina","BIH","Forest area (sq. km)","AG.LND.FRST.K2","","","","","","","","","","","","","","","","","","","","","","","","","","","","","","","22100","22050","22050","22025","22000","21975","21950","21925","21900","21875","21850","21850","21850","21850","21850","21850","21850","21850","21850","21850","21850","21850","21850","21850","21850","21850","","",
"Belarus","BLR","Forest area (sq. km)","AG.LND.FRST.K2","","","","","","","","","","","","","","","","","","","","","","","","","","","","","","","77800","78786","78786","79279","79772","80265","80758","81251","81744","82237","82730","83056","83382","83708","84034","84360","84556","84752","84948","85144","85340","85539","85738","85937","86136","86335","","",
"Belize","BLZ","Forest area (sq. km)","AG.LND.FRST.K2","","","","","","","","","","","","","","","","","","","","","","","","","","","","","","","16160.3","16003.5","15846.8","15690.1","15533.4","15376.6","15219.9","15063.2","14906.5","14749.7","14593","14507.5","14421.9","14336.4","14250.8","14165.3","14115","14064.7","14014.5","13964.2","13913.9","13863.7","13813.5","13763.4","13713.2","13663","","",
"Bermuda","BMU","Forest area (sq. km)","AG.LND.FRST.K2","","","","","","","","","","","","","","","","","","","","","","","","","","","","","","","10","10","10","10","10","10","10","10","10","10","10","10","10","10","10","10","10","10","10","10","10","10","10","10","10","10","","",
"Bolivia","BOL","Forest area (sq. km)","AG.LND.FRST.K2","","","","","","","","","","","","","","","","","","","","","","","","","","","","","","","627950","625246","622542","619838","617134","614430","611726","609022","606318","603614","600910","598196","595482","592768","590054","587340","582290","577240","572190","567140","562090","559200","556310","553420","550530","547640","","",
"Brazil","BRA","Forest area (sq. km)","AG.LND.FRST.K2","","","","","","","","","","","","","","","","","","","","","","","","","","","","","","","5467050","5441619","5416188","5390757","5365326","5339895","5314464","5289033","5263602","5238171","5212740","5183660","5154580","5125500","5096420","5067340","5050788","5034236","5017684","5001132","4984580","4974740","4964900","4955060","4945220","4935380","","",
"Barbados","BRB","Forest area (sq. km)","AG.LND.FRST.K2","","","","","","","","","","","","","","","","","","","","","","","","","","","","","","","63","63","63","63","63","63","63","63","63","63","63","63","63","63","63","63","63","63","63","63","63","63","63","63","63","63","","",
"Brunei Darussalam","BRN","Forest area (sq. km)","AG.LND.FRST.K2","","","","","","","","","","","","","","","","","","","","","","","","","","","","","","","4130","4114","4098","4082","4066","4050","4034","4018","4002","3986","3970","3954","3938","3922","3906","3890","3872","3854","3836","3818","3800","3800","3800","3800","3800","3800","","",
"Bhutan","BTN","Forest area (sq. km)","AG.LND.FRST.K2","","","","","","","","","","","","","","","","","","","","","","","","","","","","","","","25067.1","25166.4","25265.7","25365","25464.3","25563.6","25662.9","25762.2","25861.4","25960.7","26060","26159.3","26258.6","26357.9","26457.2","26556.5","26655.8","26755","26854.3","26953.6","27052.9","27152.2","27251.5","27350.8","27450.1","27549.3","","",
"Botswana","BWA","Forest area (sq. km)","AG.LND.FRST.K2","","","","","","","","","","","","","","","","","","","","","","","","","","","","","","","137180","135997","134814","133631","132448","131265","130082","128899","127716","126533","125350","124166","122982","121798","120614","119430","118246","117062","115878","114694","113510","112488","111466","110444","109422","108400","","",
"Central African Republic","CAF","Forest area (sq. km)","AG.LND.FRST.K2","","","","","","","","","","","","","","","","","","","","","","","","","","","","","","","225600","225444","225288","225132","224976","224820","224664","224508","224352","224196","224040","223884","223728","223572","223416","223260","223104","222948","222792","222636","222480","222324","222168","222012","221856","221700","","",
"Canada","CAN","Forest area (sq. km)","AG.LND.FRST.K2","","","","","","","","","","","","","","","","","","","","","","","","","","","","","","","3482730","3482259","3481788","3481317","3480846","3480375","3479904","3479433","3478962","3478491","3478020","3477568","3477116","3476664","3476212","3475760","3475212","3474664","3474116","3473568","3473020","3472554","3472088","3471622","3471156","3470690","","",
"Central Europe and the Baltics","CEB","Forest area (sq. km)","AG.LND.FRST.K2","","","","","","","","","","","","","","","","","","","","","","","","","","","","","","","352930","353267","354124","354742","355346","355950","356554","357158","357762","358366","358970","360416","361862","363308","364754","366200","367256","368312","369368","370424","371480","372650","373820","374990","376160","377330","","",
"Switzerland","CHE","Forest area (sq. km)","AG.LND.FRST.K2","","","","","","","","","","","","","","","","","","","","","","","","","","","","","","","11510","11553","11596","11639","11682","11725","11768","11811","11854","11897","11940","11986","12032","12078","12124","12170","12206","12242","12278","12314","12350","12388","12426","12464","12502","12540","","",
"Channel Islands","CHI","Forest area (sq. km)","AG.LND.FRST.K2","","","","","","","","","","","","","","","","","","","","","","","","","","","","","","","8","8","8","8","8","8","8","8","8","8","8","8","8","8","8","8","8","8","8","8","8","8","8","8","8","8","","",
"Chile","CHL","Forest area (sq. km)","AG.LND.FRST.K2","","","","","","","","","","","","","","","","","","","","","","","","","","","","","","","152630","153201","153772","154343","154914","155485","156056","156627","157198","157769","158340","158756","159172","159588","160004","160420","160798","161176","161554","161932","162310","165318","168326","171334","174342","177350","","",
"China","CHN","Forest area (sq. km)","AG.LND.FRST.K2","","","","","","","","","","","","","","","","","","","","","","","","","","","","","","","1571406","1591265.9","1611125.8","1630985.7","1650845.6","1670705.5","1690565.4","1710425.3","1730285.2","1750145.1","1770005","1802091.8","1834178.6","1866265.4","1898352.2","1930439","1945571.8","1960704.6","1975837.4","1990970.2","2006103","2021525","2036947","2052369","2067791","2083213","","",
"Cote d'Ivoire","CIV","Forest area (sq. km)","AG.LND.FRST.K2","","","","","","","","","","","","","","","","","","","","","","","","","","","","","","","102220","102326","102432","102538","102644","102750","102856","102962","103068","103174","103280","103434","103588","103742","103896","104050","104046","104042","104038","104034","104030","104026","104022","104018","104014","104010","","",
"Cameroon","CMR","Forest area (sq. km)","AG.LND.FRST.K2","","","","","","","","","","","","","","","","","","","","","","","","","","","","","","","243160","240960","238760","236560","234360","232160","229960","227760","225560","223360","221160","218960","216760","214560","212360","210160","207960","205760","203560","201360","199160","196960","194760","192560","190360","188160","","",
"Congo, Dem. Rep.","COD","Forest area (sq. km)","AG.LND.FRST.K2","","","","","","","","","","","","","","","","","","","","","","","","","","","","","","","1603630","1600516","1597402","1594288","1591174","1588060","1584946","1581832","1578718","1575604","1572490","1569376","1566262","1563148","1560034","1556920","1553806","1550692","1547578","1544464","1541350","1538236","1535122","1532008","1528894","1525780","","",
"Congo, Rep.","COG","Forest area (sq. km)","AG.LND.FRST.K2","","","","","","","","","","","","","","","","","","","","","","","","","","","","","","","227260","227090","226920","226750","226580","226410","226240","226070","225900","225730","225560","225390","225220","225050","224880","224710","224590","224470","224350","224230","224110","223956","223802","223648","223494","223340","","",
"Colombia","COL","Forest area (sq. km)","AG.LND.FRST.K2","","","","","","","","","","","","","","","","","","","","","","","","","","","","","","","644170","641551.4","638932.9","636314.3","633695.8","631077.2","628458.6","625840.1","623221.5","620603","617984.4","614790.2","611596.1","608401.9","605207.8","602013.6","598881.5","595749.4","592617.4","589485.3","586353.2","586086","585818.9","585551.7","585284.6","585017.4","","",
"Comoros","COM","Forest area (sq. km)","AG.LND.FRST.K2","","","","","","","","","","","","","","","","","","","","","","","","","","","","","","","490","486","482","478","474","470","466","462","458","454","450","444","438","432","426","420","414","408","402","396","390","386","382","378","374","370","","",
"Cabo Verde","CPV","Forest area (sq. km)","AG.LND.FRST.K2","","","","","","","","","","","","","","","","","","","","","","","","","","","","","","","577.5","601.8","626.2","650.5","674.9","699.2","723.5","747.9","772.2","796.6","820.9","823.9","826.9","829.9","832.9","835.9","838.9","841.9","844.9","847.9","850.9","860.5","870.2","879.8","889.4","899","","",
"Costa Rica","CRI","Forest area (sq. km)","AG.LND.FRST.K2","","","","","","","","","","","","","","","","","","","","","","","","","","","","","","","25640","25452","25264","25076","24888","24700","24512","24324","24136","23948","23760","23990","24220","24450","24680","24910","25138","25366","25594","25822","26050","26352","26654","26956","27258","27560","","",
"Caribbean small states","CSS","Forest area (sq. km)","AG.LND.FRST.K2","","","","","","","","","","","","","","","","","","","","","","","","","","","","","","","349477.2","349230","348983","348735.9","348488.8","348241.6","347994.6","347747.5","347500.4","347253.3","347006.2","346826.4","346646.5","346466.8","346286.9","346107.1","345952.1","345797.2","345642.3","345487.4","345332.4","345153.3","344974.2","344795.2","344616.1","344437","","",
"Cuba","CUB","Forest area (sq. km)","AG.LND.FRST.K2","","","","","","","","","","","","","","","","","","","","","","","","","","","","","","","20580","20957","21334","21711","22088","22465","22842","23219","23596","23973","24350","24874","25398","25922","26446","26970","27440","27910","28380","28850","29320","29856","30392","30928","31464","32000","","",
"Curacao","CUW","Forest area (sq. km)","AG.LND.FRST.K2","","","","","","","","","","","","","","","","","","","","","","","","","","","","","","","","","","","","","","","","","","","","","","","","","","","","","","","","","","",
"Cayman Islands","CYM","Forest area (sq. km)","AG.LND.FRST.K2","","","","","","","","","","","","","","","","","","","","","","","","","","","","","","","127","127","127","127","127","127","127","127","127","127","127","127","127","127","127","127","127","127","127","127","127","127","127","127","127","127","","",
"Cyprus","CYP","Forest area (sq. km)","AG.LND.FRST.K2","","","","","","","","","","","","","","","","","","","","","","","","","","","","","","","1611.1","1621.6","1632.1","1642.6","1653.1","1663.6","1674.1","1684.6","1695.1","1705.6","1716.1","1718.6","1721.1","1723.5","1726","1728.5","1728.5","1728.5","1728.5","1728.4","1728.4","1728.1","1727.8","1727.6","1727.3","1727","","",
"Czech Republic","CZE","Forest area (sq. km)","AG.LND.FRST.K2","","","","","","","","","","","","","","","","","","","","","","","","","","","","","","","26290","26290","26290","26314","26322","26330","26338","26346","26354","26362","26370","26390","26410","26430","26450","26470","26490","26510","26530","26550","26570","26590","26610","26630","26650","26670","","",
"Germany","DEU","Forest area (sq. km)","AG.LND.FRST.K2","","","","","","","","","","","","","","","","","","","","","","","","","","","","","","","113000","113054","113108","113162","113216","113270","113324","113378","113432","113486","113540","113600","113660","113720","113780","113840","113890","113940","113990","114040","114090","114110","114130","114150","114170","114190","","",
"Djibouti","DJI","Forest area (sq. km)","AG.LND.FRST.K2","","","","","","","","","","","","","","","","","","","","","","","","","","","","","","","56","56","56","56","56","56","56","56","56","56","56","56","56","56","56","56","56","56","56","56","56","56","56","56","56","56","","",
"Dominica","DMA","Forest area (sq. km)","AG.LND.FRST.K2","","","","","","","","","","","","","","","","","","","","","","","","","","","","","","","500","497.3","494.7","492","489.3","486.6","484","481.3","478.6","476","473.3","470.6","467.9","465.3","462.6","459.9","457.2","454.6","451.9","449.3","446.6","443.9","441.3","438.6","436","433.3","","",
"Denmark","DNK","Forest area (sq. km)","AG.LND.FRST.K2","","","","","","","","","","","","","","","","","","","","","","","","","","","","","","","5432","5474.3","5516.6","5558.9","5601.2","5643.5","5685.8","5728.1","5770.4","5812.7","5855","5799.4","5743.8","5688.2","5632.6","5577","5635.8","5694.6","5753.4","5812.2","5871","5921.2","5971.4","6021.6","6071.8","6122","","",
"Dominican Republic","DOM","Forest area (sq. km)","AG.LND.FRST.K2","","","","","","","","","","","","","","","","","","","","","","","","","","","","","","","11050","11431","11812","12193","12574","12955","13336","13717","14098","14479","14860","15192","15524","15856","16188","16520","16850","17180","17510","17840","18170","18502","18834","19166","19498","19830","","",
"Algeria","DZA","Forest area (sq. km)","AG.LND.FRST.K2","","","","","","","","","","","","","","","","","","","","","","","","","","","","","","","16670","16582","16494","16406","16318","16230","16142","16054","15966","15878","15790","15704","15618","15532","15446","15360","16124","16888","17652","18416","19180","19256","19332","19408","19484","19560","","",
"East Asia & Pacific (excluding high income)","EAP","Forest area (sq. km)","AG.LND.FRST.K2","","","","","","","","","","","","","","","","","","","","","","","","","","","","","","","4570859.4","4567552","4564252.6","4560953.1","4557653.5","4554354","4551054.4","4547754.8","4544455.3","4541155.8","4537856.3","4560126","4582395.9","4604665.7","4626935.6","4649205.3","4661403.5","4673601.5","4685799.6","4697997.8","4710195.9","4715669.4","4721142.7","4726616.2","4732089.7","4737563.1","","",
"Early-demographic dividend","EAR","Forest area (sq. km)","AG.LND.FRST.K2","","","","","","","","","","","","","","","","","","","","","","","","","","","","","","","8134628.4","8085905.1","8037524.4","7972899.5","7924394.6","7875889.6","7827384.7","7778879.8","7730374.8","7681870","7633365.1","7610903.1","7588441.2","7565979.3","7543517.4","7521055.5","7493307.2","7465558.9","7437810.7","7410062.5","7382314.4","7357652.6","7332990.9","7308329.3","7283667.6","7259005.8","","",
"East Asia & Pacific","EAS","Forest area (sq. km)","AG.LND.FRST.K2","","","","","","","","","","","","","","","","","","","","","","","","","","","","","","","6280252.9","6277601.9","6274961.3","6272320.6","6269679.8","6267039.1","6264398.2","6261757.5","6259116.7","6256476","6253835.3","6273878.8","6293922.5","6313966.1","6334009.8","6354053.2","6357353.8","6360654.1","6363954.6","6367255.1","6370555.6","6379017.4","6387479.1","6395941","6404402.8","6412864.6","","",
"Europe & Central Asia (excluding high income)","ECA","Forest area (sq. km)","AG.LND.FRST.K2","","","","","","","","","","","","","","","","","","","","","","","","","","","","","","","8702828","8704382.5","8706538.6","8708391.9","8710245.2","8712098.5","8713951.8","8715805.1","8717658.4","8719511.7","8721365","8722762.8","8724160.6","8725558.4","8726956.2","8728354","8743559.4","8758764.8","8773970.2","8789175.6","8804381","8806407.2","8808433.4","8810459.6","8812485.8","8814512","","",
"Europe & Central Asia","ECS","Forest area (sq. km)","AG.LND.FRST.K2","","","","","","","","","","","","","","","","","","","","","","","","","","","","","","","10199847.6","10207941.5","10217086.8","10225725.5","10234350","10242974.7","10251599.2","10260223.9","10268848.4","10277473.1","10286097.6","10290881.6","10295665.5","10300449.4","10305233.4","10310017.4","10329829.8","10349642.1","10369454.7","10389267","10409079.3","10414000.9","10418922.6","10423844.2","10428765.9","10433687.5","","",
"Ecuador","ECU","Forest area (sq. km)","AG.LND.FRST.K2","","","","","","","","","","","","","","","","","","","","","","","","","","","","","","","146308.5","145406.5","144504.6","143602.7","142700.7","141798.8","140896.9","139995","139093","138191.1","137289.2","136501.8","135714.4","134927.1","134139.7","133352.4","132565","131777.6","130990.3","130202.9","129415.6","128628.2","127840.8","127053.5","126266.1","125478.8","","",
"Egypt, Arab Rep.","EGY","Forest area (sq. km)","AG.LND.FRST.K2","","","","","","","","","","","","","","","","","","","","","","","","","","","","","","","440","455","470","485","500","515","530","545","560","575","590","606","622","638","654","670","676","682","688","694","700","706","712","718","724","730","","",
"Euro area","EMU","Forest area (sq. km)","AG.LND.FRST.K2","","","","","","","","","","","","","","","","","","","","","","","","","","","","","","","916809.5","922699.5","929039.3","935151.3","941265.1","947379.1","953492.9","959606.9","965720.7","971834.7","977948.5","980692.9","983437.2","986181.5","988925.9","991670.3","995960.1","1000249.8","1004539.8","1008829.5","1013119.2","1015445.4","1017771.7","1020097.9","1022424.2","1024750.4","","",
"Eritrea","ERI","Forest area (sq. km)","AG.LND.FRST.K2","","","","","","","","","","","","","","","","","","","","","","","","","","","","","","","16210","16589.6","16210","16075","16030","15985","15940","15895","15850","15805","15760","15716","15672","15628","15584","15540","15496","15452","15408","15364","15320","15276","15232","15188","15144","15100","","",
"Spain","ESP","Forest area (sq. km)","AG.LND.FRST.K2","","","","","","","","","","","","","","","","","","","","","","","","","","","","","","","138094.9","141262.4","144429.8","147597.3","150764.7","153932.2","157099.6","160267.1","163434.5","166602","169769.4","170379.7","170990","171600.3","172210.6","172820.9","174751.1","176681.3","178611.6","180541.8","182472","182813.3","183154.7","183496","183837.4","184178.7","","",
"Estonia","EST","Forest area (sq. km)","AG.LND.FRST.K2","","","","","","","","","","","","","","","","","","","","","","","","","","","","","","","22060","22060","22134","22171","22208","22245","22282","22319","22356","22393","22430","22448","22466","22484","22502","22520","22484","22448","22412","22376","22340","22336","22332","22328","22324","22320","","",
"Ethiopia","ETH","Forest area (sq. km)","AG.LND.FRST.K2","","","","","","","","","","","","","","","","","","","","","","","","","","","","","","","167350","165896","164442","146913","145504","144095","142686","141277","139868","138459","137050","135640","134230","132820","131410","130000","128592","127184","125776","124368","122960","123366","123772","124178","124584","124990","","",
"European Union","EUU","Forest area (sq. km)","AG.LND.FRST.K2","","","","","","","","","","","","","","","","","","","","","","","","","","","","","","","1479241.5","1485786.8","1492851.9","1499678.2","1506490.3","1513302.6","1520114.7","1526927","1533739.1","1540551.4","1547363.5","1551368.3","1555373","1559377.7","1563382.5","1567387.3","1572379.9","1577372.4","1582365.2","1587357.7","1592350.2","1596042.6","1599735.1","1603427.5","1607120","1610812.4","","",
"Fragile and conflict affected situations","FCS","Forest area (sq. km)","AG.LND.FRST.K2","","","","","","","","","","","","","","","","","","","","","","","","","","","","","","","4259791.4","4242456.4","4224369.9","4206528.1","4188776.1","4171024.3","4153272.4","4135520.5","4117768.6","4100016.8","4082264.9","4065862.2","4049459.5","4033056.8","4016654.1","4000251.4","3982998.3","3965745.3","3948492.1","3931239.1","3913986","3895299","3876611.8","3857924.8","3839237.7","3820550.7","","",
"Finland","FIN","Forest area (sq. km)","AG.LND.FRST.K2","","","","","","","","","","","","","","","","","","","","","","","","","","","","","","","218750","219320","219890","220460","221030","221600","222170","222740","223310","223880","224450","223846","223242","222638","222034","221430","221580","221730","221880","222030","222180","222180","222180","222180","222180","222180","","",
"Fiji","FJI","Forest area (sq. km)","AG.LND.FRST.K2","","","","","","","","","","","","","","","","","","","","","","","","","","","","","","","9529","9556.5","9584.1","9611.6","9639.2","9666.7","9694.2","9721.8","9749.3","9776.9","9804.4","9838","9871.7","9905.3","9939","9972.6","9963.9","9955.1","9946.4","9937.7","9929","9977.6","10026.2","10074.8","10123.4","10172","","",
"France","FRA","Forest area (sq. km)","AG.LND.FRST.K2","","","","","","","","","","","","","","","","","","","","","","","","","","","","","","","144360","145213","146066","146919","147772","148625","149478","150331","151184","152037","152890","154034","155178","156322","157466","158610","159736","160862","161988","163114","164240","165370","166500","167630","168760","169890","","",
"Faroe Islands","FRO","Forest area (sq. km)","AG.LND.FRST.K2","","","","","","","","","","","","","","","","","","","","","","","","","","","","","","","0.8","0.8","0.8","0.8","0.8","0.8","0.8","0.8","0.8","0.8","0.8","0.8","0.8","0.8","0.8","0.8","0.8","0.8","0.8","0.8","0.8","0.8","0.8","0.8","0.8","0.8","","",
"Micronesia, Fed. Sts.","FSM","Forest area (sq. km)","AG.LND.FRST.K2","","","","","","","","","","","","","","","","","","","","","","","","","","","","","","","640","636.1","636.4","636.7","636.9","637.2","637.5","637.7","638","638.3","638.6","638.8","639.1","639.4","639.7","639.9","640.2","640.5","640.7","641","641.3","641.6","641.8","642.1","642.4","642.7","","",
"Gabon","GAB","Forest area (sq. km)","AG.LND.FRST.K2","","","","","","","","","","","","","","","","","","","","","","","","","","","","","","","220000","220000","220000","220000","220000","220000","220000","220000","220000","220000","220000","220000","220000","220000","220000","220000","220000","220000","220000","220000","220000","222000","224000","226000","228000","230000","","",
"United Kingdom","GBR","Forest area (sq. km)","AG.LND.FRST.K2","","","","","","","","","","","","","","","","","","","","","","","","","","","","","","","27780","27956","28132","28308","28484","28660","28836","29012","29188","29364","29540","29674","29808","29942","30076","30210","30286","30362","30438","30514","30590","30760","30930","31100","31270","31440","","",
"Georgia","GEO","Forest area (sq. km)","AG.LND.FRST.K2","","","","","","","","","","","","","","","","","","","","","","","","","","","","","","","27520","27520","27539.6","27547.9","27556.2","27564.5","27572.8","27581.1","27589.4","27597.7","27606","27629.8","27653.6","27677.4","27701.2","27725","27824.8","27924.6","28024.4","28124.2","28224","28224","28224","28224","28224","28224","","",
"Ghana","GHA","Forest area (sq. km)","AG.LND.FRST.K2","","","","","","","","","","","","","","","","","","","","","","","","","","","","","","","86270","86552","86834","87116","87398","87680","87962","88244","88526","88808","89090","89378","89666","89954","90242","90530","90814","91098","91382","91666","91950","92234","92518","92802","93086","93370","","",
"Gibraltar","GIB","Forest area (sq. km)","AG.LND.FRST.K2","","","","","","","","","","","","","","","","","","","","","","","","","","","","","","","0","0","0","0","0","0","0","0","0","0","0","0","0","0","0","0","0","0","0","0","0","0","0","0","0","0","","",
"Guinea","GIN","Forest area (sq. km)","AG.LND.FRST.K2","","","","","","","","","","","","","","","","","","","","","","","","","","","","","","","72640","72280","71920","71560","71200","70840","70480","70120","69760","69400","69040","68680","68320","67960","67600","67240","66880","66520","66160","65800","65440","65080","64720","64360","64000","63640","","",
"Gambia, The","GMB","Forest area (sq. km)","AG.LND.FRST.K2","","","","","","","","","","","","","","","","","","","","","","","","","","","","","","","4420","4439","4458","4477","4496","4515","4534","4553","4572","4591","4610","4630","4650","4670","4690","4710","4728","4746","4764","4782","4800","4816","4832","4848","4864","4880","","",
"Guinea-Bissau","GNB","Forest area (sq. km)","AG.LND.FRST.K2","","","","","","","","","","","","","","","","","","","","","","","","","","","","","","","22160","22064","21968","21872","21776","21680","21584","21488","21392","21296","21200","21104","21008","20912","20816","20720","20620","20520","20420","20320","20220","20120","20020","19920","19820","19720","","",
"Equatorial Guinea","GNQ","Forest area (sq. km)","AG.LND.FRST.K2","","","","","","","","","","","","","","","","","","","","","","","","","","","","","","","18600","18483","18366","18249","18132","18015","17898","17781","17664","17547","17430","17314","17198","17082","16966","16850","16732","16614","16496","16378","16260","16144","16028","15912","15796","15680","","",
"Greece","GRC","Forest area (sq. km)","AG.LND.FRST.K2","","","","","","","","","","","","","","","","","","","","","","","","","","","","","","","32990","33292","33594","33896","34198","34500","34802","35104","35406","35708","36010","36312","36614","36916","37218","37520","37822","38124","38426","38728","39030","39332","39634","39936","40238","40540","","",
"Grenada","GRD","Forest area (sq. km)","AG.LND.FRST.K2","","","","","","","","","","","","","","","","","","","","","","","","","","","","","","","169.9","169.9","169.9","169.9","169.9","169.9","169.9","169.9","169.9","169.9","169.9","169.9","169.9","169.9","169.9","169.9","169.9","169.9","169.9","169.9","169.9","169.9","169.9","169.9","169.9","169.9","","",
"Greenland","GRL","Forest area (sq. km)","AG.LND.FRST.K2","","","","","","","","","","","","","","","","","","","","","","","","","","","","","","","2.2","2.2","2.2","2.2","2.2","2.2","2.2","2.2","2.2","2.2","2.2","2.2","2.2","2.2","2.2","2.2","2.2","2.2","2.2","2.2","2.2","2.2","2.2","2.2","2.2","2.2","","",
"Guatemala","GTM","Forest area (sq. km)","AG.LND.FRST.K2","","","","","","","","","","","","","","","","","","","","","","","","","","","","","","","47480","46940","46400","45860","45320","44780","44240","43700","43160","42620","42080","41540","41000","40460","39920","39380","38948","38516","38084","37652","37220","36856","36492","36128","35764","35400","","",
"Guam","GUM","Forest area (sq. km)","AG.LND.FRST.K2","","","","","","","","","","","","","","","","","","","","","","","","","","","","","","","250","250","250","250","250","250","250","250","250","250","250","250","250","250","250","250","250","250","250","250","250","250","250","250","250","250","","",
"Guyana","GUY","Forest area (sq. km)","AG.LND.FRST.K2","","","","","","","","","","","","","","","","","","","","","","","","","","","","","","","166600","166562","166524","166486","166448","166410","166372","166334","166296","166258","166220","166180","166140","166100","166060","166020","165968","165916","165864","165812","165760","165660","165560","165460","165360","165260","","",
"High income","HIC","Forest area (sq. km)","AG.LND.FRST.K2","","","","","","","","","","","","","","","","","","","","","","","","","","","","","","","9899729.1","9908922.9","9918568.9","9928011.1","9937439.1","9946867.2","9956295.1","9965723.3","9975151.3","9984579.5","9994007.5","9997901.8","10001795.8","10005690","10009584.1","10013478.3","10017397.6","10021316.6","10025236","10029155","10033074.3","10044558.3","10056042.4","10067526.3","10079010.3","10090494.4","","",
"Hong Kong SAR, China","HKG","Forest area (sq. km)","AG.LND.FRST.K2","","","","","","","","","","","","","","","","","","","","","","","","","","","","","","","","","","","","","","","","","","","","","","","","","","","","","","","","","","",
"Honduras","HND","Forest area (sq. km)","AG.LND.FRST.K2","","","","","","","","","","","","","","","","","","","","","","","","","","","","","","","81360","79616","77872","76128","74384","72640","70896","69152","67408","65664","63920","62720","61520","60320","59120","57920","56720","55520","54320","53120","51920","50720","49520","48320","47120","45920","","",
"Heavily indebted poor countries (HIPC)","HPC","Forest area (sq. km)","AG.LND.FRST.K2","","","","","","","","","","","","","","","","","","","","","","","","","","","","","","","6312643.1","6284042.6","6254682.8","6209492.7","6180512.5","6151532.4","6122552.2","6093572.1","6064591.9","6035611.8","6006631.6","5979319.5","5952007.3","5924695.2","5897383","5870070.9","5839043.9","5808017","5776990","5745963.1","5714936.1","5618623","5593879.8","5569136.7","5544393.5","5519650.4","","",
"Croatia","HRV","Forest area (sq. km)","AG.LND.FRST.K2","","","","","","","","","","","","","","","","","","","","","","","","","","","","","","","18500","18500","18570","18605","18640","18675","18710","18745","18780","18815","18850","18886","18922","18958","18994","19030","19064","19098","19132","19166","19200","19204","19208","19212","19216","19220","","",
"Haiti","HTI","Forest area (sq. km)","AG.LND.FRST.K2","","","","","","","","","","","","","","","","","","","","","","","","","","","","","","","1160","1153","1146","1139","1132","1125","1118","1111","1104","1097","1090","1082","1074","1066","1058","1050","1042","1034","1026","1018","1010","1002","994","986","978","970","","",
"Hungary","HUN","Forest area (sq. km)","AG.LND.FRST.K2","","","","","","","","","","","","","","","","","","","","","","","","","","","","","","","18010","18126","18242","18358","18474","18590","18706","18822","18938","19054","19170","19302","19434","19566","19698","19830","19956","20082","20208","20334","20460","20506","20552","20598","20644","20690","","",
"IBRD only","IBD","Forest area (sq. km)","AG.LND.FRST.K2","","","","","","","","","","","","","","","","","","","","","","","","","","","","","","","23962509.1","23926044.8","23889785.1","23853422.3","23817059.7","23780696.8","23744334","23707971.5","23671608.6","23635245.9","23598883.2","23587603.1","23576323.2","23565043.3","23553763.4","23542483.4","23539185.5","23535887.5","23532589.9","23529292","23525994.2","23520852.4","23515710.6","23510569","23505427.2","23500285.5","","",
"IDA & IBRD total","IBT","Forest area (sq. km)","AG.LND.FRST.K2","","","","","","","","","","","","","","","","","","","","","","","","","","","","","","","31458631.2","31378718.3","31298654.5","31202457.2","31122470","31042482.6","30962495.2","30882508.2","30802520.6","30722533.6","30642546.3","30594676.7","30546807.4","30498938.2","30451068.9","30403199.4","30367044.3","30330889.2","30294734.3","30258579.4","30222424.4","30182079.1","30141733.8","30101388.7","30061043.4","30020698.1","","",
"IDA total","IDA","Forest area (sq. km)","AG.LND.FRST.K2","","","","","","","","","","","","","","","","","","","","","","","","","","","","","","","7496122.1","7452673.5","7408869.4","7349034.9","7305410.3","7261785.8","7218161.2","7174536.7","7130912","7087287.7","7043663.1","7007073.6","6970484.2","6933894.9","6897305.5","6860716","6827858.8","6795001.7","6762144.4","6729287.4","6696430.2","6661226.7","6626023.2","6590819.7","6555616.2","6520412.6","","",
"IDA blend","IDB","Forest area (sq. km)","AG.LND.FRST.K2","","","","","","","","","","","","","","","","","","","","","","","","","","","","","","","1443555.4","1431304.4","1419397.6","1407318.6","1395239.7","1383160.7","1371081.8","1359002.9","1346923.9","1334845.1","1322766.1","1312867.8","1302969.5","1293071.3","1283173","1273274.7","1266857.8","1260441","1254024.1","1247607.3","1241190.4","1230380.7","1219571.2","1208761.5","1197951.9","1187142.2","","",
"Indonesia","IDN","Forest area (sq. km)","AG.LND.FRST.K2","","","","","","","","","","","","","","","","","","","","","","","","","","","","","","","1185450","1166314","1147178","1128042","1108906","1089770","1070634","1051498","1032362","1013226","994090","990986","987882","984778","981674","978570","971720","964870","958020","951170","944320","937476","930632","923788","916944","910100","","",
"IDA only","IDX","Forest area (sq. km)","AG.LND.FRST.K2","","","","","","","","","","","","","","","","","","","","","","","","","","","","","","","6052566.7","6021369.1","5989471.8","5941716.3","5910170.6","5878625.1","5847079.4","5815533.8","5783988.1","5752442.6","5720897","5694205.8","5667514.7","5640823.6","5614132.5","5587441.3","5561001","5534560.7","5508120.3","5481680.1","5455239.8","5430846","5406452","5382058.2","5357664.3","5333270.4","","",
"Isle of Man","IMN","Forest area (sq. km)","AG.LND.FRST.K2","","","","","","","","","","","","","","","","","","","","","","","","","","","","","","","34.6","34.6","34.6","34.6","34.6","34.6","34.6","34.6","34.6","34.6","34.6","34.6","34.6","34.6","34.6","34.6","34.6","34.6","34.6","34.6","34.6","34.6","34.6","34.6","34.6","34.6","","",
"India","IND","Forest area (sq. km)","AG.LND.FRST.K2","","","","","","","","","","","","","","","","","","","","","","","","","","","","","","","639390","640841","642292","643743","645194","646645","648096","649547","650998","652449","653900","658538","663176","667814","672452","677090","681252","685414","689576","693738","697900","699684","701468","703252","705036","706820","","",
"Not classified","INX","Forest area (sq. km)","AG.LND.FRST.K2","","","","","","","","","","","","","","","","","","","","","","","","","","","","","","","","","","","","","","","","","","","","","","","","","","","","","","","","","","",
"Ireland","IRL","Forest area (sq. km)","AG.LND.FRST.K2","","","","","","","","","","","","","","","","","","","","","","","","","","","","","","","4650","4820","4989.9","5159.9","5329.8","5499.8","5669.7","5839.7","6009.6","6179.6","6349.5","6469.3","6589","6708.8","6828.6","6948.4","7010","7071.5","7133.2","7194.8","7256.3","7313.1","7369.9","7426.6","7483.4","7540.2","","",
"Iran, Islamic Rep.","IRN","Forest area (sq. km)","AG.LND.FRST.K2","","","","","","","","","","","","","","","","","","","","","","","","","","","","","","","90760.6","91010.2","91259.8","91509.4","91759","92008.6","92258.2","92507.8","92757.4","93007","93256.6","95989.2","98721.9","101454.5","104187.2","106919.8","106919.8","106919.8","106919.8","106919.8","106919.8","106919.8","106919.8","106919.8","106919.8","106919.8","","",
"Iraq","IRQ","Forest area (sq. km)","AG.LND.FRST.K2","","","","","","","","","","","","","","","","","","","","","","","","","","","","","","","8040","8054","8068","8082","8096","8110","8124","8138","8152","8166","8180","8194","8208","8222","8236","8250","8250","8250","8250","8250","8250","8250","8250","8250","8250","8250","","",
"Iceland","ISL","Forest area (sq. km)","AG.LND.FRST.K2","","","","","","","","","","","","","","","","","","","","","","","","","","","","","","","161","173.7","186.4","199.1","211.8","224.5","237.2","249.9","262.6","275.3","288","303.4","318.8","334.2","349.6","365","377.4","389.8","402.2","414.6","427","440","453","466","479","492","","",
"Israel","ISR","Forest area (sq. km)","AG.LND.FRST.K2","","","","","","","","","","","","","","","","","","","","","","","","","","","","","","","1320","1341","1362","1383","1404","1425","1446","1467","1488","1509","1530","1534","1538","1542","1546","1550","1548","1546","1544","1542","1540","1562","1584","1606","1628","1650","","",
"Italy","ITA","Forest area (sq. km)","AG.LND.FRST.K2","","","","","","","","","","","","","","","","","","","","","","","","","","","","","","","75900","76679","77458","78237","79016","79795","80574","81353","82132","82911","83690","84470","85250","86030","86810","87590","88128","88666","89204","89742","90280","90818","91356","91894","92432","92970","","",
"Jamaica","JAM","Forest area (sq. km)","AG.LND.FRST.K2","","","","","","","","","","","","","","","","","","","","","","","","","","","","","","","3446","3442.3","3438.6","3434.9","3431.2","3427.5","3423.8","3420.1","3416.4","3412.7","3409","3405.6","3402.2","3398.8","3395.4","3392","3387.8","3383.6","3379.4","3375.2","3371","3367.2","3363.4","3359.6","3355.8","3352","","",
"Jordan","JOR","Forest area (sq. km)","AG.LND.FRST.K2","","","","","","","","","","","","","","","","","","","","","","","","","","","","","","","975","975","975","975","975","975","975","975","975","975","975","975","975","975","975","975","975","975","975","975","975","975","975","975","975","975","","",
"Japan","JPN","Forest area (sq. km)","AG.LND.FRST.K2","","","","","","","","","","","","","","","","","","","","","","","","","","","","","","","249500","249426","249352","249278","249204","249130","249056","248982","248908","248834","248760","248878","248996","249114","249232","249350","249412","249474","249536","249598","249660","249644","249628","249612","249596","249580","","",
"Kazakhstan","KAZ","Forest area (sq. km)","AG.LND.FRST.K2","","","","","","","","","","","","","","","","","","","","","","","","","","","","","","","34220","34220","34106","34049","33992","33935","33878","33821","33764","33707","33650","33594","33538","33482","33426","33370","33314","33258","33202","33146","33090","33090","33090","33090","33090","33090","","",
"Kenya","KEN","Forest area (sq. km)","AG.LND.FRST.K2","","","","","","","","","","","","","","","","","","","","","","","","","","","","","","","47240","46073","44906","43739","42572","41405","40238","39071","37904","36737","35570","36550","37530","38510","39490","40470","40836","41202","41568","41934","42300","42666","43032","43398","43764","44130","","",
"Kyrgyz Republic","KGZ","Forest area (sq. km)","AG.LND.FRST.K2","","","","","","","","","","","","","","","","","","","","","","","","","","","","","","","8360","8360","8407.8","8429.7","8451.6","8473.5","8495.4","8517.3","8539.2","8561.1","8583","8605","8627","8649","8671","8693","8308.4","7923.8","7539.2","7154.6","6770","6690","6610","6530","6450","6370","","",
"Cambodia","KHM","Forest area (sq. km)","AG.LND.FRST.K2","","","","","","","","","","","","","","","","","","","","","","","","","","","","","","","129440","128042","126644","125246","123848","122450","121052","119654","118256","116858","115460","113830","112200","110570","108940","107310","106036","104762","103488","102214","100940","99666","98392","97118","95844","94570","","",
"Kiribati","KIR","Forest area (sq. km)","AG.LND.FRST.K2","","","","","","","","","","","","","","","","","","","","","","","","","","","","","","","121.5","121.5","121.5","121.5","121.5","121.5","121.5","121.5","121.5","121.5","121.5","121.5","121.5","121.5","121.5","121.5","121.5","121.5","121.5","121.5","121.5","121.5","121.5","121.5","121.5","121.5","","",
"St. Kitts and Nevis","KNA","Forest area (sq. km)","AG.LND.FRST.K2","","","","","","","","","","","","","","","","","","","","","","","","","","","","","","","110","110","110","110","110","110","110","110","110","110","110","110","110","110","110","110","110","110","110","110","110","110","110","110","110","110","","",
"Korea, Rep.","KOR","Forest area (sq. km)","AG.LND.FRST.K2","","","","","","","","","","","","","","","","","","","","","","","","","","","","","","","63700","63618","63536","63454","63372","63290","63208","63126","63044","62962","62880","62814","62748","62682","62616","62550","62484","62418","62352","62286","62220","62144","62068","61992","61916","61840","","",
"Kuwait","KWT","Forest area (sq. km)","AG.LND.FRST.K2","","","","","","","","","","","","","","","","","","","","","","","","","","","","","","","34.5","35.9","37.3","38.7","40.1","41.5","42.9","44.3","45.7","47.1","48.5","49.9","51.3","52.7","54.1","55.5","56.9","58.3","59.7","61.1","62.5","62.5","62.5","62.5","62.5","62.5","","",
"Latin America & Caribbean (excluding high income)","LAC","Forest area (sq. km)","AG.LND.FRST.K2","","","","","","","","","","","","","","","","","","","","","","","","","","","","","","","10070272.7","10024463.3","9978654.3","9932845.1","9887035.9","9841226.6","9795417.5","9749608.4","9703799.1","9657990","9612180.8","9563861","9515541.2","9467221.6","9418901.8","9370582.1","9334140.8","9297699.6","9261258.6","9224817.4","9188376.2","9163328.3","9138280.6","9113232.9","9088185.2","9063137.4","","",
"Lao PDR","LAO","Forest area (sq. km)","AG.LND.FRST.K2","","","","","","","","","","","","","","","","","","","","","","","","","","","","","","","176449","175330.1","174211.2","173092.3","171973.4","170854.5","169735.5","168616.6","167497.7","166378.8","165259.9","165947.3","166634.8","167322.2","168009.7","168697.1","170588.8","172480.5","174372.2","176263.9","178155.6","180047.3","181939","183830.7","185722.4","187614.1","","",
"Lebanon","LBN","Forest area (sq. km)","AG.LND.FRST.K2","","","","","","","","","","","","","","","","","","","","","","","","","","","","","","","1310","1310","1310","1310","1310","1310","1310","1310","1310","1310","1310","1321","1332","1343","1354","1365","1365.8","1366.6","1367.4","1368.2","1369","1369.8","1370.6","1371.4","1372.2","1373","","",
"Liberia","LBR","Forest area (sq. km)","AG.LND.FRST.K2","","","","","","","","","","","","","","","","","","","","","","","","","","","","","","","49290","48990","48690","48390","48090","47790","47490","47190","46890","46590","46290","45990","45690","45390","45090","44790","44490","44190","43890","43590","43290","42990","42690","42390","42090","41790","","",
"Libya","LBY","Forest area (sq. km)","AG.LND.FRST.K2","","","","","","","","","","","","","","","","","","","","","","","","","","","","","","","2170","2170","2170","2170","2170","2170","2170","2170","2170","2170","2170","2170","2170","2170","2170","2170","2170","2170","2170","2170","2170","2170","2170","2170","2170","2170","","",
"St. Lucia","LCA","Forest area (sq. km)","AG.LND.FRST.K2","","","","","","","","","","","","","","","","","","","","","","","","","","","","","","","218","217.4","216.8","216.2","215.6","215","214.4","213.8","213.2","212.6","212","211.4","210.8","210.2","209.6","209","208.4","207.8","207.2","206.6","206","205.4","204.8","204.2","203.6","203","","",
"Latin America & Caribbean","LCN","Forest area (sq. km)","AG.LND.FRST.K2","","","","","","","","","","","","","","","","","","","","","","","","","","","","","","","10242341.8","10197827.9","10153314.3","10108800.6","10064286.8","10019772.9","9975259.2","9930745.5","9886231.7","9841718","9797204.3","9749619.2","9702034","9654449.1","9606863.9","9559278.9","9523659.4","9488039.8","9452420.5","9416800.9","9381181.5","9359417.2","9337652.9","9315888.6","9294124.3","9272360.1","","",
"Least developed countries: UN classification","LDC","Forest area (sq. km)","AG.LND.FRST.K2","","","","","","","","","","","","","","","","","","","","","","","","","","","","","","","6172066.7","6141509.6","6110193.2","6063046.5","6032109.7","6001173","5970236.1","5939299.4","5908362.5","5877425.8","5846489","5819855.6","5793222.2","5766588.8","5739955.4","5713322","5687518","5661714","5635910","5610106.1","5584302.1","5559644","5534985.8","5510327.7","5485669.5","5461011.3","","",
"Low income","LIC","Forest area (sq. km)","AG.LND.FRST.K2","","","","","","","","","","","","","","","","","","","","","","","","","","","","","","","4244520","4221140.6","4197002","4157033","4133274","4109515","4085756","4061997","4038238","4014479","3990720","3968434","3946148","3923862","3901576","3879290","3856234","3833178","3810122","3787066","3764010","3816152","3796724","3777296","3757868","3738440","","",
"Liechtenstein","LIE","Forest area (sq. km)","AG.LND.FRST.K2","","","","","","","","","","","","","","","","","","","","","","","","","","","","","","","65","65.4","65.8","66.2","66.6","67","67.4","67.8","68.2","68.6","69","69","69","69","69","69","69","69","69","69","69","69","69","69","69","69","","",
"Sri Lanka","LKA","Forest area (sq. km)","AG.LND.FRST.K2","","","","","","","","","","","","","","","","","","","","","","","","","","","","","","","22840","22748","22656","22564","22472","22380","22288","22196","22104","22012","21920","21772","21624","21476","21328","21180","21150","21120","21090","21060","21030","20964","20898","20832","20766","20700","","",
"Lower middle income","LMC","Forest area (sq. km)","AG.LND.FRST.K2","","","","","","","","","","","","","","","","","","","","","","","","","","","","","","","6645960","6605437.7","6565811","6525735.1","6485659.1","6445583.2","6405507.1","6365431.2","6325355.1","6285279.3","6245203.3","6230493.1","6215783","6201072.8","6186362.7","6171652.5","6153566.4","6135480.3","6117394.1","6099308.1","6081222","5987021.8","5964391.5","5941761.3","5919131","5896500.7","","",
"Low & middle income","LMY","Forest area (sq. km)","AG.LND.FRST.K2","","","","","","","","","","","","","","","","","","","","","","","","","","","","","","","31308671.2","31226550.4","31144280.4","31045876.9","30963683.3","30881489.7","30799296.1","30717102.7","30634908.9","30552715.6","30470522","30420912.3","30371302.8","30321693.3","30272083.8","30222474.2","30184475","30146475.7","30108476.7","30070477.7","30032478.5","29987935.3","29943392.1","29898849.1","29854306","29809762.7","","",
"Lesotho","LSO","Forest area (sq. km)","AG.LND.FRST.K2","","","","","","","","","","","","","","","","","","","","","","","","","","","","","","","400","402","404","406","408","410","412","414","416","418","420","422","424","426","428","430","432","434","436","438","440","450","460","470","480","490","","",
"Late-demographic dividend","LTE","Forest area (sq. km)","AG.LND.FRST.K2","","","","","","","","","","","","","","","","","","","","","","","","","","","","","","","17275796.3","17271821.5","17268714.4","17265168.4","17261624.5","17258080.4","17254536.2","17250992.4","17247448.3","17243904.5","17240360.4","17239186.2","17238012","17236837.8","17235663.7","17234489.5","17252934.5","17271379.2","17289824.3","17308269.1","17326714","17335815.5","17344917","17354018.3","17363119.8","17372221.3","","",
"Lithuania","LTU","Forest area (sq. km)","AG.LND.FRST.K2","","","","","","","","","","","","","","","","","","","","","","","","","","","","","","","19450","19450","19600","19675","19750","19825","19900","19975","20050","20125","20200","20402","20604","20806","21008","21210","21308","21406","21504","21602","21700","21720","21740","21760","21780","21800","","",
"Luxembourg","LUX","Forest area (sq. km)","AG.LND.FRST.K2","","","","","","","","","","","","","","","","","","","","","","","","","","","","","","","870","870","870","870","870","870","870","870","870","870","867","867","867","867","867","867","867","867","867","867","867","867","867","867","867","867","","",
"Latvia","LVA","Forest area (sq. km)","AG.LND.FRST.K2","","","","","","","","","","","","","","","","","","","","","","","","","","","","","","","31730","31730","31866","31934","32002","32070","32138","32206","32274","32342","32410","32522","32634","32746","32858","32970","33084","33198","33312","33426","33540","33544","33548","33552","33556","33560","","",
"Macao SAR, China","MAC","Forest area (sq. km)","AG.LND.FRST.K2","","","","","","","","","","","","","","","","","","","","","","","","","","","","","","","","","","","","","","","","","","","","","","","","","","","","","","","","","","",
"St. Martin (French part)","MAF","Forest area (sq. km)","AG.LND.FRST.K2","","","","","","","","","","","","","","","","","","","","","","","","","","","","","","","10","10","10","10","10","10","10","10","10","10","10","10","10","10","10","10","10","10","10","10","10","10","10","10","10","10","","",
"Morocco","MAR","Forest area (sq. km)","AG.LND.FRST.K2","","","","","","","","","","","","","","","","","","","","","","","","","","","","","","","49540","49579","49618","49657","49696","49735","49774","49813","49852","49891","49930","50746","51562","52378","53194","54010","54552","55094","55636","56178","56720","56640","56560","56480","56400","56320","","",
"Monaco","MCO","Forest area (sq. km)","AG.LND.FRST.K2","","","","","","","","","","","","","","","","","","","","","","","","","","","","","","","","","","","","","","","","","","","","","","","","","","","","","","","","","","",
"Moldova","MDA","Forest area (sq. km)","AG.LND.FRST.K2","","","","","","","","","","","","","","","","","","","","","","","","","","","","","","","3190","3190","3200","3205","3210","3215","3220","3225","3230","3235","3240","3318","3396","3474","3552","3630","3676","3722","3768","3814","3860","3906","3952","3998","4044","4090","","",
"Madagascar","MDG","Forest area (sq. km)","AG.LND.FRST.K2","","","","","","","","","","","","","","","","","","","","","","","","","","","","","","","136920","136251","135582","134913","134244","133575","132906","132237","131568","130899","130230","129860","129490","129120","128750","128380","127810","127240","126670","126100","125530","125370","125210","125050","124890","124730","","",
"Maldives","MDV","Forest area (sq. km)","AG.LND.FRST.K2","","","","","","","","","","","","","","","","","","","","","","","","","","","","","","","10","10","10","10","10","10","10","10","10","10","10","10","10","10","10","10","10","10","10","10","10","10","10","10","10","10","","",
"Middle East & North Africa","MEA","Forest area (sq. km)","AG.LND.FRST.K2","","","","","","","","","","","","","","","","","","","","","","","","","","","","","","","199292.6","199863.7","200434.9","201006","201577.2","202148.3","202719.5","203290.6","203861.8","204433","205004.1","208731.5","212458.9","216186.2","219913.6","223641","225173.9","226706.9","228239.8","229772.8","231305.8","231443.3","231580.9","231718.4","231856","231993.5","","",
"Mexico","MEX","Forest area (sq. km)","AG.LND.FRST.K2","","","","","","","","","","","","","","","","","","","","","","","","","","","","","","","697600","695696","693792","691888","689984","688080","686176","684272","682368","680464","678560","677014","675468","673922","672376","670830","669660","668490","667320","666150","664980","664064","663148","662232","661316","660400","","",
"Marshall Islands","MHL","Forest area (sq. km)","AG.LND.FRST.K2","","","","","","","","","","","","","","","","","","","","","","","","","","","","","","","130","126.4","126.4","126.4","126.4","126.4","126.4","126.4","126.4","126.4","126.4","126.4","126.4","126.4","126.4","126.4","126.4","126.4","126.4","126.4","126.4","126.4","126.4","126.4","126.4","126.4","","",
"Middle income","MIC","Forest area (sq. km)","AG.LND.FRST.K2","","","","","","","","","","","","","","","","","","","","","","","","","","","","","","","27064151.2","27005409.8","26947278.4","26888843.9","26830409.3","26771974.7","26713540.1","26655105.7","26596670.9","26538236.6","26479802","26452478.3","26425154.8","26397831.3","26370507.8","26343184.2","26328241","26313297.7","26298354.7","26283411.7","26268468.5","26171783.3","26146668.1","26121553.1","26096438","26071322.7","","",
"Macedonia, FYR","MKD","Forest area (sq. km)","AG.LND.FRST.K2","","","","","","","","","","","","","","","","","","","","","","","","","","","","","","","9120","9120","9212","9258","9304","9350","9396","9442","9488","9534","9580","9614","9648","9682","9716","9750","9796","9842","9888","9934","9980","9980","9980","9980","9980","9980","","",
"Mali","MLI","Forest area (sq. km)","AG.LND.FRST.K2","","","","","","","","","","","","","","","","","","","","","","","","","","","","","","","66900","66110","65320","64530","63740","62950","62160","61370","60580","59790","59000","58210","57420","56630","55840","55050","54260","53470","52680","51890","51100","50310","49520","48730","47940","47150","","",
"Malta","MLT","Forest area (sq. km)","AG.LND.FRST.K2","","","","","","","","","","","","","","","","","","","","","","","","","","","","","","","3.5","3.5","3.5","3.5","3.5","3.5","3.5","3.5","3.5","3.5","3.5","3.5","3.5","3.5","3.5","3.5","3.5","3.5","3.5","3.5","3.5","3.5","3.5","3.5","3.5","3.5","","",
"Myanmar","MMR","Forest area (sq. km)","AG.LND.FRST.K2","","","","","","","","","","","","","","","","","","","","","","","","","","","","","","","392180","387830","383480","379130","374780","370430","366080","361730","357380","353030","348680","345586","342492","339398","336304","333210","330114","327018","323922","320826","317730","312266","306802","301338","295874","290410","","",
"Middle East & North Africa (excluding high income)","MNA","Forest area (sq. km)","AG.LND.FRST.K2","","","","","","","","","","","","","","","","","","","","","","","","","","","","","","","185692.4","186176","186659.6","187143.2","187626.8","188110.4","188594","189077.6","189561.2","190044.8","190528.4","194246.2","197964.1","201681.8","205399.7","209117.5","210640.3","212163.1","213685.9","215208.7","216731.5","216836.3","216941.1","217045.9","217150.7","217255.5","","",
"Montenegro","MNE","Forest area (sq. km)","AG.LND.FRST.K2","","","","","","","","","","","","","","","","","","","","","","","","","","","","","","","6260","6260","6260","6260","6260","6260","6260","6260","6260","6260","6260","6260","6260","6260","6260","6260","6662","7064","7466","7868","8270","8270","8270","8270","8270","8270","","",
"Mongolia","MNG","Forest area (sq. km)","AG.LND.FRST.K2","","","","","","","","","","","","","","","","","","","","","","","","","","","","","","","125360","124541","123722","122903","122084","121265","120446","119627","118808","117989","117170","116352","115534","114716","113898","113080","116542.4","120004.8","123467.2","126929.6","130392","129419.2","128446.4","127473.6","126500.8","125528","","",
"Northern Mariana Islands","MNP","Forest area (sq. km)","AG.LND.FRST.K2","","","","","","","","","","","","","","","","","","","","","","","","","","","","","","","340","334.4","332.8","331.2","329.5","327.9","326.2","324.6","322.9","321.3","319.6","318","316.4","314.7","313.1","311.4","309.8","308.1","306.5","304.8","303.2","301.5","299.9","298.3","296.6","295","","",
"Mozambique","MOZ","Forest area (sq. km)","AG.LND.FRST.K2","","","","","","","","","","","","","","","","","","","","","","","","","","","","","","","433780","431590","429400","427210","425020","422830","420640","418450","416260","414070","411880","409662","407444","405226","403008","400790","398576","396362","394148","391934","389720","387656","385592","383528","381464","379400","","",
"Mauritania","MRT","Forest area (sq. km)","AG.LND.FRST.K2","","","","","","","","","","","","","","","","","","","","","","","","","","","","","","","4150","4052","3954","3856","3758","3660","3562","3464","3366","3268","3170","3070","2970","2870","2770","2670","2620","2570","2520","2470","2420","2385","2350","2315","2280","2245","","",
"Mauritius","MUS","Forest area (sq. km)","AG.LND.FRST.K2","","","","","","","","","","","","","","","","","","","","","","","","","","","","","","","411","411.8","412.6","413.4","414.2","415","415.8","416.6","417.4","418.2","419","411.6","404.2","396.8","389.4","382","382.4","382.8","383.2","383.6","384","384.4","384.8","385.2","385.6","386","","",
"Malawi","MWI","Forest area (sq. km)","AG.LND.FRST.K2","","","","","","","","","","","","","","","","","","","","","","","","","","","","","","","38960","38631","38302","37973","37644","37315","36986","36657","36328","35999","35670","35340","35010","34680","34350","34020","33690","33360","33030","32700","32370","32190","32010","31830","31650","31470","","",
"Malaysia","MYS","Forest area (sq. km)","AG.LND.FRST.K2","","","","","","","","","","","","","","","","","","","","","","","","","","","","","","","223760","222975","222190","221405","220620","219835","219050","218265","217480","216695","215910","214508","213106","211704","210302","208900","211368","213836","216304","218772","221240","221382","221524","221666","221808","221950","","",
"North America","NAC","Forest area (sq. km)","AG.LND.FRST.K2","","","","","","","","","","","","","","","","","","","","","","","","","","","","","","","6507240","6507855","6508470","6509085","6509700","6510315","6510930","6511545","6512160","6512775","6513390","6515380","6517370","6519360","6521350","6523340","6530718","6538096","6545474","6552852","6560230","6562514","6564798","6567082","6569366","6571650","","",
"Namibia","NAM","Forest area (sq. km)","AG.LND.FRST.K2","","","","","","","","","","","","","","","","","","","","","","","","","","","","","","","87620","86890","86160","85430","84700","83970","83240","82510","81780","81050","80320","79578","78836","78094","77352","76610","75868","75126","74384","73642","72900","72158","71416","70674","69932","69190","","",
"New Caledonia","NCL","Forest area (sq. km)","AG.LND.FRST.K2","","","","","","","","","","","","","","","","","","","","","","","","","","","","","","","8390","8390","8390","8390","8390","8390","8390","8390","8390","8390","8390","8390","8390","8390","8390","8390","8390","8390","8390","8390","8390","8390","8390","8390","8390","8390","","",
"Niger","NER","Forest area (sq. km)","AG.LND.FRST.K2","","","","","","","","","","","","","","","","","","","","","","","","","","","","","","","19450","18833","18216","17599","16982","16365","15748","15131","14514","13897","13280","13156","13032","12908","12784","12660","12536","12412","12288","12164","12040","11916","11792","11668","11544","11420","","",
"Nigeria","NGA","Forest area (sq. km)","AG.LND.FRST.K2","","","","","","","","","","","","","","","","","","","","","","","","","","","","","","","172340","168243","164146","160049","155952","151855","147758","143661","139564","135467","131370","127274","123178","119082","114986","110890","106794","102698","98602","94506","90410","86314","82218","78122","74026","69930","","",
"Nicaragua","NIC","Forest area (sq. km)","AG.LND.FRST.K2","","","","","","","","","","","","","","","","","","","","","","","","","","","","","","","45140","44440","43740","43040","42340","41640","40940","40240","39540","38840","38140","37440","36740","36040","35340","34640","33940","33240","32540","31840","31140","31140","31140","31140","31140","31140","","",
"Netherlands","NLD","Forest area (sq. km)","AG.LND.FRST.K2","","","","","","","","","","","","","","","","","","","","","","","","","","","","","","","3450","3465","3480","3495","3510","3525","3540","3555","3570","3585","3600","3610","3620","3630","3640","3650","3666","3682","3698","3714","3730","3736","3742","3748","3754","3760","","",
"Norway","NOR","Forest area (sq. km)","AG.LND.FRST.K2","","","","","","","","","","","","","","","","","","","","","","","","","","","","","","","121320","121301","121282","121263","121244","121225","121206","121187","121168","121149","121130","121088","121046","121004","120962","120920","120940","120960","120980","121000","121020","121040","121060","121080","121100","121120","","",
"Nepal","NPL","Forest area (sq. km)","AG.LND.FRST.K2","","","","","","","","","","","","","","","","","","","","","","","","","","","","","","","48170","47253","46336","45419","44502","43585","42668","41751","40834","39917","39000","38472","37944","37416","36888","36360","36360","36360","36360","36360","36360","36360","36360","36360","36360","36360","","",
"Nauru","NRU","Forest area (sq. km)","AG.LND.FRST.K2","","","","","","","","","","","","","","","","","","","","","","","","","","","","","","","0","0","0","0","0","0","0","0","0","0","0","0","0","0","0","0","0","0","0","0","0","0","0","0","0","0","","",
"New Zealand","NZL","Forest area (sq. km)","AG.LND.FRST.K2","","","","","","","","","","","","","","","","","","","","","","","","","","","","","","","96580","97061","97542","98023","98504","98985","99466","99947","100428","100909","101390","101478","101566","101654","101742","101830","101766","101702","101638","101574","101510","101512","101514","101516","101518","101520","","",
"OECD members","OED","Forest area (sq. km)","AG.LND.FRST.K2","","","","","","","","","","","","","","","","","","","","","","","","","","","","","","","10625877.9","10632895.4","10640212.7","10647401.2","10654575.5","10661750","10668924.3","10676098.8","10683273.1","10690447.6","10697621.9","10700365.6","10703109.2","10705852.9","10708596.6","10711340.3","10714587.3","10717834.2","10721081.4","10724328.4","10727575.3","10738863","10750150.8","10761438.4","10772726.2","10784013.9","","",
"Oman","OMN","Forest area (sq. km)","AG.LND.FRST.K2","","","","","","","","","","","","","","","","","","","","","","","","","","","","","","","20","20","20","20","20","20","20","20","20","20","20","20","20","20","20","20","20","20","20","20","20","20","20","20","20","20","","",
"Other small states","OSS","Forest area (sq. km)","AG.LND.FRST.K2","","","","","","","","","","","","","","","","","","","","","","","","","","","","","","","566566.1","564522.8","562553.7","560547.4","558541.3","556535","554528.8","552522.6","550516.3","548510.2","546503.9","544430.9","542357.8","540284.7","538211.6","536138.6","534399","532659.4","530919.8","529180.2","527440.7","527534.8","527629.1","527723.3","527817.5","527911.5","","",
"Pakistan","PAK","Forest area (sq. km)","AG.LND.FRST.K2","","","","","","","","","","","","","","","","","","","","","","","","","","","","","","","25270","24859","24448","24037","23626","23215","22804","22393","21982","21571","21160","20732","20304","19876","19448","19020","18590","18160","17730","17300","16870","16440","16010","15580","15150","14720","","",
"Panama","PAN","Forest area (sq. km)","AG.LND.FRST.K2","","","","","","","","","","","","","","","","","","","","","","","","","","","","","","","50400","50227","50054","49881","49708","49535","49362","49189","49016","48843","48670","48500","48330","48160","47990","47820","47654","47488","47322","47156","46990","46826","46662","46498","46334","46170","","",
"Peru","PER","Forest area (sq. km)","AG.LND.FRST.K2","","","","","","","","","","","","","","","","","","","","","","","","","","","","","","","779210","777436","775662","773888","772114","770340","768566","766792","765018","763244","761470","760232","758994","757756","756518","755280","753846","752412","750978","749544","748110","746434","744758","743082","741406","739730","","",
"Philippines","PHL","Forest area (sq. km)","AG.LND.FRST.K2","","","","","","","","","","","","","","","","","","","","","","","","","","","","","","","65550","66022","66494","66966","67438","67910","68382","68854","69326","69798","70270","70364","70458","70552","70646","70740","70272","69804","69336","68868","68400","70800","73200","75600","78000","80400","","",
"Palau","PLW","Forest area (sq. km)","AG.LND.FRST.K2","","","","","","","","","","","","","","","","","","","","","","","","","","","","","","","380","383","384.4","385.8","387.3","388.7","390.1","391.6","393","394.4","395.9","397.3","398.7","400.2","401.6","403","403","403","403","403","403","403","403","403","403","403","","",
"Papua New Guinea","PNG","Forest area (sq. km)","AG.LND.FRST.K2","","","","","","","","","","","","","","","","","","","","","","","","","","","","","","","336270","336243","336216","336189","336162","336135","336108","336081","336054","336027","336000","335972","335944","335916","335888","335860","335834","335808","335782","335756","335730","335702","335674","335646","335618","335590","","",
"Poland","POL","Forest area (sq. km)","AG.LND.FRST.K2","","","","","","","","","","","","","","","","","","","","","","","","","","","","","","","88810","88988","89166","89344","89522","89700","89878","90056","90234","90412","90590","90872","91154","91436","91718","92000","92258","92516","92774","93032","93290","93502","93714","93926","94138","94350","","",
"Pre-demographic dividend","PRE","Forest area (sq. km)","AG.LND.FRST.K2","","","","","","","","","","","","","","","","","","","","","","","","","","","","","","","5998713.1","5969724.6","5939976.8","5910473.7","5881060.5","5851647.4","5822234.2","5792821.1","5763407.9","5733994.8","5704581.6","5678393.5","5652205.3","5626017.2","5599829","5573640.9","5545422.7","5517204.6","5488986.4","5460768.3","5432550.1","5406041","5379531.8","5353022.7","5326513.5","5300004.4","","",
"Puerto Rico","PRI","Forest area (sq. km)","AG.LND.FRST.K2","","","","","","","","","","","","","","","","","","","","","","","","","","","","","","","2870","3033.1","3196.2","3359.3","3522.4","3685.5","3848.5","4011.6","4174.7","4337.8","4500.9","4526.5","4552","4577.6","4603.1","4628.7","4661.8","4694.9","4727.9","4761","4794.1","4827.2","4860.3","4893.3","4926.4","4959.5","","",
"Korea, Dem. People’s Rep.","PRK","Forest area (sq. km)","AG.LND.FRST.K2","","","","","","","","","","","","","","","","","","","","","","","","","","","","","","","82010","80742","79474","78206","76938","75670","74402","73134","71866","70598","69330","68062","66794","65526","64258","62990","61724","60458","59192","57926","56660","55390","54120","52850","51580","50310","","",
"Portugal","PRT","Forest area (sq. km)","AG.LND.FRST.K2","","","","","","","","","","","","","","","","","","","","","","","","","","","","","","","34360","34267","34174","34081","33988","33895","33802","33709","33616","33523","33430","33336","33242","33148","33054","32960","32846","32732","32618","32504","32390","32276","32162","32048","31934","31820","","",
"Paraguay","PRY","Forest area (sq. km)","AG.LND.FRST.K2","","","","","","","","","","","","","","","","","","","","","","","","","","","","","","","211570","209781","207992","206203","204414","202625","200836","199047","197258","195469","193680","191894","190108","188322","186536","184750","181700","178650","175600","172550","169500","166246","162992","159738","156484","153230","","",
"West Bank and Gaza","PSE","Forest area (sq. km)","AG.LND.FRST.K2","","","","","","","","","","","","","","","","","","","","","","","","","","","","","","","90.8","90.8","90.8","90.8","90.8","90.8","90.8","90.8","90.8","90.8","90.8","91","91.2","91.3","91.5","91.7","91.7","91.7","91.7","91.7","91.7","91.7","91.7","91.7","91.7","91.7","","",
"Pacific island small states","PSS","Forest area (sq. km)","AG.LND.FRST.K2","","","","","","","","","","","","","","","","","","","","","","","","","","","","","","","39840.5","39848.5","39862.8","39877","39891.3","39905.5","39919.7","39934","39948.2","39962.5","39976.8","39958","39939.4","39920.8","39902.2","39883.4","39819","39754.5","39690","39625.6","39561.2","39554.1","39546.9","39539.8","39532.7","39525.6","","",
"Post-demographic dividend","PST","Forest area (sq. km)","AG.LND.FRST.K2","","","","","","","","","","","","","","","","","","","","","","","","","","","","","","","9796249.9","9805018.4","9813632.8","9822348.3","9831047.7","9839747.2","9848446.6","9857146.1","9865845.5","9874545","9883244.4","9887356.5","9891468.6","9895580.7","9899692.8","9903804.9","9907255.9","9910706.9","9914158","9917609","9921060","9930074.9","9939089.9","9948104.8","9957119.8","9966134.7","","",
"French Polynesia","PYF","Forest area (sq. km)","AG.LND.FRST.K2","","","","","","","","","","","","","","","","","","","","","","","","","","","","","","","550","600","650","700","750","800","850","900","950","1000","1050","1100","1150","1200","1250","1300","1350","1400","1450","1500","1550","1550","1550","1550","1550","1550","","",
"Qatar","QAT","Forest area (sq. km)","AG.LND.FRST.K2","","","","","","","","","","","","","","","","","","","","","","","","","","","","","","","0","0","0","0","0","0","0","0","0","0","0","0","0","0","0","0","0","0","0","0","0","0","0","0","0","0","","",
"Romania","ROU","Forest area (sq. km)","AG.LND.FRST.K2","","","","","","","","","","","","","","","","","","","","","","","","","","","","","","","63710","63705","63700","63695","63690","63685","63680","63675","63670","63665","63660","63710","63760","63810","63860","63910","64158","64406","64654","64902","65150","65842","66534","67226","67918","68610","","",
"Russian Federation","RUS","Forest area (sq. km)","AG.LND.FRST.K2","","","","","","","","","","","","","","","","","","","","","","","","","","","","","","","8089500","8089500","8090136.2","8090454.8","8090773.4","8091092","8091410.6","8091729.2","8092047.8","8092366.4","8092685","8091728","8090771","8089814","8088857","8087900","8100591.2","8113282.4","8125973.6","8138664.8","8151356","8150945.8","8150535.6","8150125.4","8149715.2","8149305","","",
"Rwanda","RWA","Forest area (sq. km)","AG.LND.FRST.K2","","","","","","","","","","","","","","","","","","","","","","","","","","","","","","","3180","3206","3232","3258","3284","3310","3336","3362","3388","3414","3440","3522","3604","3686","3768","3850","3972","4094","4216","4338","4460","4528","4596","4664","4732","4800","","",
"South Asia","SAS","Forest area (sq. km)","AG.LND.FRST.K2","","","","","","","","","","","","","","","","","","","","","","","","","","","","","","","789187.1","789291.4","789395.7","789500","789604.3","789708.6","789812.9","789917.2","790021.4","790125.7","790230","793837.3","797444.6","801051.9","804659.2","808266.5","812041.8","815817","819592.3","823367.6","827142.9","828504.2","829865.5","831226.8","832588.1","833949.3","","",
"Saudi Arabia","SAU","Forest area (sq. km)","AG.LND.FRST.K2","","","","","","","","","","","","","","","","","","","","","","","","","","","","","","","9770","9770","9770","9770","9770","9770","9770","9770","9770","9770","9770","9770","9770","9770","9770","9770","9770","9770","9770","9770","9770","9770","9770","9770","9770","9770","","",
"Sudan","SDN","Forest area (sq. km)","AG.LND.FRST.K2","","","","","","","","","","","","","","","","","","","","","","","","","","","","","","","307273.1","305529","303784.8","302040.7","300296.5","298552.4","296808.2","295064.1","293319.9","291575.8","289831.6","288087.5","286343.3","284599.2","282855","281110.9","279366.7","277622.6","275878.4","274134.3","272390.1","199076","197331.8","195587.7","193843.5","192099.4","","",
"Senegal","SEN","Forest area (sq. km)","AG.LND.FRST.K2","","","","","","","","","","","","","","","","","","","","","","","","","","","","","","","93480","93030","92580","92130","91680","91230","90780","90330","89880","89430","88980","88530","88080","87630","87180","86730","86330","85930","85530","85130","84730","84330","83930","83530","83130","82730","","",
"Singapore","SGP","Forest area (sq. km)","AG.LND.FRST.K2","","","","","","","","","","","","","","","","","","","","","","","","","","","","","","","163.5","163.5","163.5","163.5","163.5","163.5","163.5","163.5","163.5","163.5","163.5","163.5","163.5","163.5","163.5","163.5","163.5","163.5","163.5","163.5","163.5","163.5","163.5","163.5","163.5","163.5","","",
"Solomon Islands","SLB","Forest area (sq. km)","AG.LND.FRST.K2","","","","","","","","","","","","","","","","","","","","","","","","","","","","","","","23240","23184","23128","23072","23016","22960","22904","22848","22792","22736","22680","22626","22572","22518","22464","22410","22354","22298","22242","22186","22130","22074","22018","21962","21906","21850","","",
"Sierra Leone","SLE","Forest area (sq. km)","AG.LND.FRST.K2","","","","","","","","","","","","","","","","","","","","","","","","","","","","","","","31180","30984","30788","30592","30396","30200","30004","29808","29612","29416","29220","29024","28828","28632","28436","28240","28044","27848","27652","27456","27260","27896","28532","29168","29804","30440","","",
"El Salvador","SLV","Forest area (sq. km)","AG.LND.FRST.K2","","","","","","","","","","","","","","","","","","","","","","","","","","","","","","","3770","3725","3680","3635","3590","3545","3500","3455","3410","3365","3320","3274","3228","3182","3136","3090","3046","3002","2958","2914","2870","2826","2782","2738","2694","2650","","",
"San Marino","SMR","Forest area (sq. km)","AG.LND.FRST.K2","","","","","","","","","","","","","","","","","","","","","","","","","","","","","","","0","0","0","0","0","0","0","0","0","0","0","0","0","0","0","0","0","0","0","0","0","0","0","0","0","0","","",
"Somalia","SOM","Forest area (sq. km)","AG.LND.FRST.K2","","","","","","","","","","","","","","","","","","","","","","","","","","","","","","","82820","82053","81286","80519","79752","78985","78218","77451","76684","75917","75150","74382","73614","72846","72078","71310","70542","69774","69006","68238","67470","66702","65934","65166","64398","63630","","",
"Serbia","SRB","Forest area (sq. km)","AG.LND.FRST.K2","","","","","","","","","","","","","","","","","","","","","","","","","","","","","","","24760","24760","24760","24760","24760","24760","24760","24760","24760","24760","24760","24760","24760","24760","24760","24760","25234","25708","26182","26656","27130","27144","27158","27172","27186","27200","","",
"Sub-Saharan Africa (excluding high income)","SSA","Forest area (sq. km)","AG.LND.FRST.K2","","","","","","","","","","","","","","","","","","","","","","","","","","","","","","","6989831.6","6954685.2","6918779.6","6867043.6","6831517.6","6795991.6","6760465.5","6724939.6","6689413.5","6653887.6","6618361.5","6586079","6553796.4","6521513.9","6489231.3","6456948.8","6422689.2","6388429.7","6354170.1","6319910.6","6285651","6257189.9","6228728.8","6200267.7","6171806.5","6143345.4","","",
"South Sudan","SSD","Forest area (sq. km)","AG.LND.FRST.K2","","","","","","","","","","","","","","","","","","","","","","","","","","","","","","","","","","","","","","","","","","","","","","","","","","","","71570","71570","71570","71570","71570","","",
"Sub-Saharan Africa","SSF","Forest area (sq. km)","AG.LND.FRST.K2","","","","","","","","","","","","","","","","","","","","","","","","","","","","","","","6990238.3","6955091.9","6919186.3","6867450.3","6831924.3","6796398.3","6760872.2","6725346.3","6689820.2","6654294.3","6618768.2","6586485.7","6554203.1","6521920.6","6489638","6457355.5","6423095.9","6388836.4","6354576.8","6320317.3","6286057.7","6257596.6","6229135.5","6200674.4","6172213.2","6143752.1","","",
"Small states","SST","Forest area (sq. km)","AG.LND.FRST.K2","","","","","","","","","","","","","","","","","","","","","","","","","","","","","","","955883.8","953601.3","951399.5","949160.3","946921.4","944682.1","942443.1","940204.1","937964.9","935726","933486.9","931215.3","928943.7","926672.3","924400.7","922129.1","920170.1","918211.1","916252.1","914293.2","912334.3","912242.2","912150.2","912058.3","911966.3","911874.1","","",
"Sao Tome and Principe","STP","Forest area (sq. km)","AG.LND.FRST.K2","","","","","","","","","","","","","","","","","","","","","","","","","","","","","","","560","560","560","560","560","560","560","560","560","560","560","560","560","560","560","560","555.2","550.4","545.6","540.8","536","536","536","536","536","536","","",
"Suriname","SUR","Forest area (sq. km)","AG.LND.FRST.K2","","","","","","","","","","","","","","","","","","","","","","","","","","","","","","","154300","154261","154222","154183","154144","154105","154066","154027","153988","153949","153910","153870","153830","153790","153750","153710","153670","153630","153590","153550","153510","153472","153434","153396","153358","153320","","",
"Slovak Republic","SVK","Forest area (sq. km)","AG.LND.FRST.K2","","","","","","","","","","","","","","","","","","","","","","","","","","","","","","","19220","19220","19220","19217","19216","19215","19214","19213","19212","19211","19210","19232","19254","19276","19298","19320","19334","19348","19362","19376","19390","19392","19394","19396","19398","19400","","",
"Slovenia","SVN","Forest area (sq. km)","AG.LND.FRST.K2","","","","","","","","","","","","","","","","","","","","","","","","","","","","","","","11880","11880","11970","12015","12060","12105","12150","12195","12240","12285","12330","12350","12370","12390","12410","12430","12438","12446","12454","12462","12470","12472","12474","12476","12478","12480","","",
"Sweden","SWE","Forest area (sq. km)","AG.LND.FRST.K2","","","","","","","","","","","","","","","","","","","","","","","","","","","","","","","280630","280730","280830","280930","281030","281130","281230","281330","281430","281530","281630","281740","281850","281960","282070","282180","281890","281600","281310","281020","280730","280730","280730","280730","280730","280730","","",
"Swaziland","SWZ","Forest area (sq. km)","AG.LND.FRST.K2","","","","","","","","","","","","","","","","","","","","","","","","","","","","","","","4720","4766","4812","4858","4904","4950","4996","5042","5088","5134","5180","5226","5272","5318","5364","5410","5454","5498","5542","5586","5630","5676","5722","5768","5814","5860","","",
"Sint Maarten (Dutch part)","SXM","Forest area (sq. km)","AG.LND.FRST.K2","","","","","","","","","","","","","","","","","","","","","","","","","","","","","","","","","","","","","","","","","","","","","","","","","","","","","","","","","","",
"Seychelles","SYC","Forest area (sq. km)","AG.LND.FRST.K2","","","","","","","","","","","","","","","","","","","","","","","","","","","","","","","406.7","406.7","406.7","406.7","406.7","406.7","406.7","406.7","406.7","406.7","406.7","406.7","406.7","406.7","406.7","406.7","406.7","406.7","406.7","406.7","406.7","406.7","406.7","406.7","406.7","406.7","","",
"Syrian Arab Republic","SYR","Forest area (sq. km)","AG.LND.FRST.K2","","","","","","","","","","","","","","","","","","","","","","","","","","","","","","","3720","3780","3840","3900","3960","4020","4080","4140","4200","4260","4320","4378","4436","4494","4552","4610","4670","4730","4790","4850","4910","4910","4910","4910","4910","4910","","",
"Turks and Caicos Islands","TCA","Forest area (sq. km)","AG.LND.FRST.K2","","","","","","","","","","","","","","","","","","","","","","","","","","","","","","","344","344","344","344","344","344","344","344","344","344","344","344","344","344","344","344","344","344","344","344","344","344","344","344","344","344","","",
"Chad","TCD","Forest area (sq. km)","AG.LND.FRST.K2","","","","","","","","","","","","","","","","","","","","","","","","","","","","","","","67050","66671","66292","65913","65534","65155","64776","64397","64018","63639","63260","62890","62520","62150","61780","61410","60144","58878","57612","56346","55080","53814","52548","51282","50016","48750","","",
"East Asia & Pacific (IDA & IBRD countries)","TEA","Forest area (sq. km)","AG.LND.FRST.K2","","","","","","","","","","","","","","","","","","","","","","","","","","","","","","","4489045.5","4487009.5","4484979.8","4482950","4480920.3","4478890.5","4476860.6","4474830.9","4472801.1","4470771.4","4468741.7","4492281.1","4515820.8","4539360.4","4562900.1","4586439.5","4599904","4613368.4","4626832.8","4640297.3","4653761.8","4660505.6","4667249.3","4673993.1","4680736.9","4687480.7","","",
"Europe & Central Asia (IDA & IBRD countries)","TEC","Forest area (sq. km)","AG.LND.FRST.K2","","","","","","","","","","","","","","","","","","","","","","","","","","","","","","","8791638","8793370.5","8795704.6","8797735.9","8799767.2","8801798.5","8803829.8","8805861.1","8807892.4","8809923.7","8811955","8813634.8","8815314.6","8816994.4","8818674.2","8820354","8835817.4","8851280.8","8866744.2","8882207.6","8897671","8899909.2","8902147.4","8904385.6","8906623.8","8908862","","",
"Togo","TGO","Forest area (sq. km)","AG.LND.FRST.K2","","","","","","","","","","","","","","","","","","","","","","","","","","","","","","","6850","6651","6452","6253","6054","5855","5656","5457","5258","5059","4860","4660","4460","4260","4060","3860","3662","3464","3266","3068","2870","2672","2474","2276","2078","1880","","",
"Thailand","THA","Forest area (sq. km)","AG.LND.FRST.K2","","","","","","","","","","","","","","","","","","","","","","","","","","","","","","","140050","143056","146062","149068","152074","155080","158086","161092","164098","167104","170110","168288","166466","164644","162822","161000","161298","161596","161894","162192","162490","162790","163090","163390","163690","163990","","",
"Tajikistan","TJK","Forest area (sq. km)","AG.LND.FRST.K2","","","","","","","","","","","","","","","","","","","","","","","","","","","","","","","4080","4080","4084","4086","4088","4090","4092","4094","4096","4098","4100","4100","4100","4100","4100","4100","4100","4100","4100","4100","4100","4104","4108","4112","4116","4120","","",
"Turkmenistan","TKM","Forest area (sq. km)","AG.LND.FRST.K2","","","","","","","","","","","","","","","","","","","","","","","","","","","","","","","41270","41270","41270","41270","41270","41270","41270","41270","41270","41270","41270","41270","41270","41270","41270","41270","41270","41270","41270","41270","41270","41270","41270","41270","41270","41270","","",
"Latin America & the Caribbean (IDA & IBRD countries)","TLA","Forest area (sq. km)","AG.LND.FRST.K2","","","","","","","","","","","","","","","","","","","","","","","","","","","","","","","10212920.7","10167869.8","10122819.3","10077768.6","10032717.9","9987667.1","9942616.5","9897565.9","9852515.1","9807464.5","9762413.8","9714282.6","9666151.4","9618020.4","9569889.2","9521758.1","9485636.6","9449515.2","9413394","9377272.6","9341151.2","9318818.9","9296486.7","9274154.6","9251822.4","9229490.2","","",
"Timor-Leste","TLS","Forest area (sq. km)","AG.LND.FRST.K2","","","","","","","","","","","","","","","","","","","","","","","","","","","","","","","9660","9548","9436","9324","9212","9100","8988","8876","8764","8652","8540","8428","8316","8204","8092","7980","7868","7756","7644","7532","7420","7308","7196","7084","6972","6860","","",
"Middle East & North Africa (IDA & IBRD countries)","TMN","Forest area (sq. km)","AG.LND.FRST.K2","","","","","","","","","","","","","","","","","","","","","","","","","","","","","","","185601.6","186085.2","186568.8","187052.4","187536","188019.6","188503.2","188986.8","189470.4","189954","190437.6","194155.2","197872.9","201590.5","205308.2","209025.8","210548.6","212071.4","213594.2","215117","216639.8","216744.6","216849.4","216954.2","217059","217163.8","","",
"Tonga","TON","Forest area (sq. km)","AG.LND.FRST.K2","","","","","","","","","","","","","","","","","","","","","","","","","","","","","","","90","90","90","90","90","90","90","90","90","90","90","90","90","90","90","90","90","90","90","90","90","90","90","90","90","90","","",
"South Asia (IDA & IBRD)","TSA","Forest area (sq. km)","AG.LND.FRST.K2","","","","","","","","","","","","","","","","","","","","","","","","","","","","","","","789187.1","789291.4","789395.7","789500","789604.3","789708.6","789812.9","789917.2","790021.4","790125.7","790230","793837.3","797444.6","801051.9","804659.2","808266.5","812041.8","815817","819592.3","823367.6","827142.9","828504.2","829865.5","831226.8","832588.1","833949.3","","",
"Sub-Saharan Africa (IDA & IBRD countries)","TSS","Forest area (sq. km)","AG.LND.FRST.K2","","","","","","","","","","","","","","","","","","","","","","","","","","","","","","","6990238.3","6955091.9","6919186.3","6867450.3","6831924.3","6796398.3","6760872.2","6725346.3","6689820.2","6654294.3","6618768.2","6586485.7","6554203.1","6521920.6","6489638","6457355.5","6423095.9","6388836.4","6354576.8","6320317.3","6286057.7","6257596.6","6229135.5","6200674.4","6172213.2","6143752.1","","",
"Trinidad and Tobago","TTO","Forest area (sq. km)","AG.LND.FRST.K2","","","","","","","","","","","","","","","","","","","","","","","","","","","","","","","2407","2399.9","2392.8","2385.7","2378.6","2371.5","2364.4","2357.3","2350.2","2343.1","2336","2328.8","2321.6","2314.4","2307.2","2300","2292.8","2285.6","2278.4","2271.2","2264","2280.2","2296.3","2312.5","2328.6","2344.8","","",
"Tunisia","TUN","Forest area (sq. km)","AG.LND.FRST.K2","","","","","","","","","","","","","","","","","","","","","","","","","","","","","","","6430","6624","6818","7012","7206","7400","7594","7788","7982","8176","8370","8526","8682","8838","8994","9150","9300","9450","9600","9750","9900","10002","10104","10206","10308","10410","","",
"Turkey","TUR","Forest area (sq. km)","AG.LND.FRST.K2","","","","","","","","","","","","","","","","","","","","","","","","","","","","","","","96220","96781","97342","97903","98464","99025","99586","100147","100708","101269","101830","102788","103746","104704","105662","106620","107702","108784","109866","110948","112030","113054","114078","115102","116126","117150","","",
"Tuvalu","TUV","Forest area (sq. km)","AG.LND.FRST.K2","","","","","","","","","","","","","","","","","","","","","","","","","","","","","","","10","10","10","10","10","10","10","10","10","10","10","10","10","10","10","10","10","10","10","10","10","10","10","10","10","10","","",
"Tanzania","TZA","Forest area (sq. km)","AG.LND.FRST.K2","","","","","","","","","","","","","","","","","","","","","","","","","","","","","","","559200","555200","551200","547200","543200","539200","535200","531200","527200","523200","519200","515200","511200","507200","503200","499200","495200","491200","487200","483200","479200","475480","471760","468040","464320","460600","","",
"Uganda","UGA","Forest area (sq. km)","AG.LND.FRST.K2","","","","","","","","","","","","","","","","","","","","","","","","","","","","","","","47510","46628","45746","44864","43982","43100","42218","41336","40454","39572","38690","37810","36930","36050","35170","34290","32938","31586","30234","28882","27530","26178","24826","23474","22122","20770","","",
"Ukraine","UKR","Forest area (sq. km)","AG.LND.FRST.K2","","","","","","","","","","","","","","","","","","","","","","","","","","","","","","","92740","92740","93212","93448","93684","93920","94156","94392","94628","94864","95100","95230","95360","95490","95620","95750","95696","95642","95588","95534","95480","95698","95916","96134","96352","96570","","",
"Upper middle income","UMC","Forest area (sq. km)","AG.LND.FRST.K2","","","","","","","","","","","","","","","","","","","","","","","","","","","","","","","20418191.2","20399972.1","20381467.4","20363108.8","20344750.2","20326391.5","20308033","20289674.5","20271315.8","20252957.3","20234598.7","20221985.2","20209371.8","20196758.5","20184145.1","20171531.7","20174674.6","20177817.4","20180960.6","20184103.6","20187246.5","20184761.5","20182276.6","20179791.8","20177307","20174822","","",
"Uruguay","URY","Forest area (sq. km)","AG.LND.FRST.K2","","","","","","","","","","","","","","","","","","","","","","","","","","","","","","","7978","8549.9","9121.8","9693.7","10265.6","10837.5","11409.4","11981.3","12553.2","13125.1","13697","14001.2","14305.4","14609.6","14913.8","15218","15637","16056","16475","16894","17313","17540.4","17767.8","17995.2","18222.6","18450","","",
"United States","USA","Forest area (sq. km)","AG.LND.FRST.K2","","","","","","","","","","","","","","","","","","","","","","","","","","","","","","","3024500","3025586","3026672","3027758","3028844","3029930","3031016","3032102","3033188","3034274","3035360","3037802","3040244","3042686","3045128","3047570","3055496","3063422","3071348","3079274","3087200","3089950","3092700","3095450","3098200","3100950","","",
"Uzbekistan","UZB","Forest area (sq. km)","AG.LND.FRST.K2","","","","","","","","","","","","","","","","","","","","","","","","","","","","","","","30450","30450","30784","30951","31118","31285","31452","31619","31786","31953","32120","32286","32452","32618","32784","32950","32911","32872","32833","32794","32755","32643.8","32532.6","32421.4","32310.2","32199","","",
"St. Vincent and the Grenadines","VCT","Forest area (sq. km)","AG.LND.FRST.K2","","","","","","","","","","","","","","","","","","","","","","","","","","","","","","","250","251","252","253","254","255","256","257","258","259","260","260","260","260","260","260","262","264","266","268","270","270","270","270","270","270","","",
"Venezuela, RB","VEN","Forest area (sq. km)","AG.LND.FRST.K2","","","","","","","","","","","","","","","","","","","","","","","","","","","","","","","520260","517385","514510","511635","508760","505885","503010","500135","497260","494385","491510","488634","485758","482882","480006","477130","476714","476298","475882","475466","475050","473406","471762","470118","468474","466830","","",
"British Virgin Islands","VGB","Forest area (sq. km)","AG.LND.FRST.K2","","","","","","","","","","","","","","","","","","","","","","","","","","","","","","","37.1","37.1","37","37","36.9","36.9","36.9","36.8","36.8","36.7","36.7","36.7","36.7","36.6","36.6","36.6","36.6","36.5","36.5","36.4","36.4","36.4","36.3","36.3","36.2","36.2","","",
"Virgin Islands (U.S.)","VIR","Forest area (sq. km)","AG.LND.FRST.K2","","","","","","","","","","","","","","","","","","","","","","","","","","","","","","","235.8","232.7","229.6","226.5","223.4","220.2","217.1","214","210.9","207.8","204.7","201.2","197.7","194.3","190.8","187.3","186.2","185","183.9","182.7","181.6","180.5","179.4","178.2","177.1","176","","",
"Vietnam","VNM","Forest area (sq. km)","AG.LND.FRST.K2","","","","","","","","","","","","","","","","","","","","","","","","","","","","","","","93630","95994","98358","100722","103086","105450","107814","110178","112542","114906","117270","119970","122670","125370","128070","130770","132872","134974","137076","139178","141280","142570","143860","145150","146440","147730","","",
"Vanuatu","VUT","Forest area (sq. km)","AG.LND.FRST.K2","","","","","","","","","","","","","","","","","","","","","","","","","","","","","","","4400","4400","4400","4400","4400","4400","4400","4400","4400","4400","4400","4400","4400","4400","4400","4400","4400","4400","4400","4400","4400","4400","4400","4400","4400","4400","","",
"World","WLD","Forest area (sq. km)","AG.LND.FRST.K2","","","","","","","","","","","","","","","","","","","","","","","","","","","","","","","41282694.8","41210027.6","41137360.3","41064693.1","40992025.8","40919358.5","40846691.3","40774024","40701356.8","40628689.5","40556022.2","40510303.2","40464584.1","40418865","40373145.9","40327426.9","40293287.4","40259148","40225008.5","40190869.1","40156729.6","40123650.9","40090572.3","40057493.6","40024414.9","39991336.2","","",
"Samoa","WSM","Forest area (sq. km)","AG.LND.FRST.K2","","","","","","","","","","","","","","","","","","","","","","","","","","","","","","","1300","1341","1382","1423","1464","1505","1546","1587","1628","1669","1710","1710","1710","1710","1710","1710","1710","1710","1710","1710","1710","1710","1710","1710","1710","1710","","",
"Kosovo","XKX","Forest area (sq. km)","AG.LND.FRST.K2","","","","","","","","","","","","","","","","","","","","","","","","","","","","","","","","","","","","","","","","","","","","","","","","","","","","","","","","","","",
"Yemen, Rep.","YEM","Forest area (sq. km)","AG.LND.FRST.K2","","","","","","","","","","","","","","","","","","","","","","","","","","","","","","","5490","5490","5490","5490","5490","5490","5490","5490","5490","5490","5490","5490","5490","5490","5490","5490","5490","5490","5490","5490","5490","5490","5490","5490","5490","5490","","",
"South Africa","ZAF","Forest area (sq. km)","AG.LND.FRST.K2","","","","","","","","","","","","","","","","","","","","","","","","","","","","","","","92410","92410","92410","92410","92410","92410","92410","92410","92410","92410","92410","92410","92410","92410","92410","92410","92410","92410","92410","92410","92410","92410","92410","92410","92410","92410","","",
"Zambia","ZMB","Forest area (sq. km)","AG.LND.FRST.K2","","","","","","","","","","","","","","","","","","","","","","","","","","","","","","","528000","526334","524668","523002","521336","519670","518004","516338","514672","513006","511340","509674","508008","506342","504676","503010","501344","499678","498012","496346","494680","493014","491348","489682","488016","486350","","",
"Zimbabwe","ZWE","Forest area (sq. km)","AG.LND.FRST.K2","","","","","","","","","","","","","","","","","","","","","","","","","","","","","","","221640","218370","215100","211830","208560","205290","202020","198750","195480","192210","188940","185670","182400","179130","175860","172590","169320","166050","162780","159510","156240","153116","149992","146868","143744","140620","","",
